product_id,brand_name,product_name,secondary_category,price_usd,n_reviews,avg_rating,pct_recommended
P420652,LANEIGE,Lip Sleeping Mask Intense Hydration with Vitamin C,Lip Balms & Treatments,24.0,15853,4.347,0.828
P7880,fresh,Soy Hydrating Gentle Face Cleanser,Cleansers,39.0,8544,4.355,0.833
P218700,Josie Maran,100 percent Pure Argan Oil,Moisturizers,49.0,7461,4.493,0.859
P248407,First Aid Beauty,Ultra Repair Cream Intense Hydration,Moisturizers,38.0,7385,4.512,0.834
P269122,Dr. Dennis Gross Skincare,Alpha Beta Extra Strength Daily Peel Pads,Treatments,92.0,7378,4.544,0.94
P394639,belif,The True Cream Aqua Bomb,Moisturizers,38.0,7287,4.484,0.898
P450271,Farmacy,Green Clean Makeup Meltaway Cleansing Balm Limited Edition Jumbo,Cleansers,60.0,6148,4.496,0.873
P417238,Farmacy,Green Clean Makeup Removing Cleansing Balm,Cleansers,36.0,6148,4.496,0.873
P427421,Drunk Elephant,Protini Polypeptide Firming Refillable Moisturizer,Moisturizers,68.0,6056,3.962,0.729
P411387,Youth To The People,Superfood Antioxidant Cleanser,Cleansers,39.0,5810,4.208,0.8
P441644,Youth To The People,Mini Superfood Antioxidant Cleanser,Mini Size,14.0,5803,4.209,0.801
P427417,The Ordinary,Niacinamide 10% + Zinc 1% Oil Control Serum,Treatments,6.0,5788,4.243,0.831
P309308,Sunday Riley,Good Genes All-In-One AHA Lactic Acid Treatment,Treatments,122.0,5385,4.336,0.845
P411540,Dr. Jart+,Cicapair Tiger Grass Color Correcting Treatment SPF 30,Moisturizers,52.0,5302,3.99,0.744
P42204,Rosebud Perfume Co.,Rosebud Salve,Lip Balms & Treatments,7.0,5047,4.639,0.852
P471546,Dr. Jart+,Mini Cicapair Tiger Grass Color Correcting Treatment SPF 30,Mini Size,21.0,5018,4.016,0.753
P248404,First Aid Beauty,Pure Skin Face Cleanser,Cleansers,24.0,4660,4.369,0.851
P423688,Dermalogica,Daily Microfoliant Exfoliator,Cleansers,65.0,4582,4.697,0.952
P443352,Dermalogica,Mini Daily Microfoliant Exfoliator,Mini Size,18.0,4582,4.697,0.952
P421275,Peace Out,Salicylic Acid Acne Healing Dots,Treatments,19.0,4569,4.176,0.811
P394624,belif,The True Cream Moisturizing Bomb,Moisturizers,38.0,4517,4.563,0.926
P297524,Origins,Clear Improvement Active Charcoal Mask to Clear Pores,Masks,17.0,4493,4.328,0.869
P480630,Summer Fridays,Mini Jet Lag Mask,Masks,26.0,4406,4.024,0.753
P429952,Summer Fridays,Jet Lag Mask,Masks,49.0,4406,4.024,0.753
P126301,CLINIQUE,Take The Day Off Cleansing Balm Makeup Remover,Cleansers,38.0,4340,4.527,0.867
P453816,CLINIQUE,Mini Take The Day Off Cleansing Balm Makeup Remover,Mini Size,14.0,4340,4.527,0.867
P456412,KORRES,Greek Yoghurt Foaming Cream Cleanser,Cleansers,28.0,4177,4.567,0.931
P454794,Tatcha,Mini The Water Cream,Mini Size,22.0,4164,4.023,0.735
P418218,Tatcha,The Water Cream Oil-Free Pore Minimizing Moisturizer,Moisturizers,70.0,4164,4.023,0.735
P122900,CLINIQUE,Dramatically Different Moisturizing Gel,Moisturizers,32.5,3914,4.435,0.862
P409800,SEPHORA COLLECTION,Cleansing & Exfoliating Wipes,Cleansers,3.0,3835,4.339,0.846
P427419,The Ordinary,Hyaluronic Acid 2% + B5 Hydrating Serum,Treatments,15.7,3797,4.212,0.819
P460779,bareMinerals,Skinlongevity Long Life Herb Anti-Aging Face Serum,Treatments,65.0,3727,4.434,0.931
P443563,LANEIGE,Lip Glowy Balm,Lip Balms & Treatments,18.0,3679,4.388,0.853
P433520,Charlotte Tilbury,Magic Cream Moisturizer with Hyaluronic Acid,Moisturizers,100.0,3472,4.402,0.882
P12573,Jack Black,Intense Therapy Lip Balm SPF 25,Lip Balms & Treatments,10.0,3466,4.674,0.912
P270594,Bobbi Brown,Vitamin Enriched Face Base Priming Moisturizer,Moisturizers,66.0,3438,4.606,0.937
P392246,Drunk Elephant,T.L.C. Framboos Glycolic Resurfacing Night Serum,Treatments,90.0,3437,4.349,0.852
P467762,Glow Recipe,Mini Watermelon Glow PHA + BHA Pore-Tight Toner,Mini Size,15.0,3313,4.368,0.856
P458219,Glow Recipe,Watermelon Glow PHA + BHA Pore-Tight Toner,Cleansers,34.0,3313,4.368,0.856
P481817,Caudalie,"Beauty Elixir Prep, Set, Glow Face Mist",Moisturizers,49.0,3310,4.224,0.783
P297516,Origins,Checks and Balances Frothy Face Wash,Cleansers,27.0,3265,4.285,0.826
P454380,Supergoop!,Unseen Sunscreen SPF 40 PA+++,Sunscreen,48.0,3264,4.259,0.811
P470255,Supergoop!,Mini Unseen Sunscreen SPF 40 PA+++,Mini Size,22.0,3262,4.26,0.811
P442563,The Ordinary,AHA 30% + BHA 2% Exfoliating Peeling Solution,Treatments,9.5,3241,4.572,0.916
P480612,KORRES,Santorini Grape Poreless Skin Cream,Moisturizers,38.5,3167,4.403,0.919
P441101,Tatcha,The Dewy Skin Cream Plumping & Hydrating Moisturizer,Moisturizers,70.0,3160,4.104,0.759
P378852,Origins,GinZing Ultra-Hydrating Energy-Boosting Cream,Moisturizers,36.0,3124,4.399,0.864
P456207,KORRES,Greek Yoghurt Nourishing Probiotic Gel-Cream,Moisturizers,38.5,3112,4.348,0.898
P232903,Kate Somerville,EradiKate Acne Treatment,Treatments,28.0,3097,4.216,0.777
P478030,The INKEY List,Mini Oat Cleansing Balm,Cleansers,5.99,2989,3.601,0.64
P455364,The INKEY List,Oat Cleansing Balm,Cleansers,11.99,2989,3.601,0.64
P422905,belif,Moisturizing Eye Bomb with Squalane,Eye Care,48.0,2964,4.464,0.902
P430337,OLEHENRIKSEN,C-Rush Vitamin C Gel Moisturizer,Moisturizers,51.0,2957,4.34,0.866
P439061,OLEHENRIKSEN,Glow2OH Dark Spot Toner,Cleansers,35.0,2953,4.192,0.836
P456398,Shiseido,Ultimate Sun Protector Lotion SPF 50+ Sunscreen,Sunscreen,50.0,2937,4.487,0.921
P375849,SK-II,Facial Treatment Essence (Pitera Essence),Moisturizers,245.0,2936,4.08,0.769
P426183,SK-II,Mini Facial Treatment Essence (Pitera Essence),Moisturizers,99.0,2934,4.08,0.769
P232915,Kate Somerville,ExfoliKate Intensive Pore Exfoliating Treatment,Cleansers,98.0,2929,4.435,0.896
P427406,The Ordinary,Glycolic Acid 7% Exfoliating Toning Solution,Cleansers,13.0,2896,4.345,0.858
P302103,fresh,Sugar Advanced Lip Balm Intense Hydration Treatment,Lip Balms & Treatments,28.0,2883,4.275,0.787
P94421,Caudalie,Vinoperfect Radiance Dark Spot Serum Vitamin C Alternative,Treatments,82.0,2869,4.242,0.841
P431180,Isle of Paradise,Self Tanning Bronzing Face Drops,Self Tanners,32.0,2836,3.957,0.768
P479839,Estée Lauder,Revitalizing Supreme+ Youth Power Creme Moisturizer,Moisturizers,98.0,2777,4.32,0.886
P173726,Shiseido,Facial Cotton,Cleansers,13.0,2777,4.826,0.953
P481084,Estée Lauder,Mini Revitalizing Supreme+ Youth Power Creme Moisturizer,Moisturizers,64.0,2777,4.32,0.886
P426836,Drunk Elephant,Beste No. 9 Jelly Cleanser,Cleansers,34.0,2703,3.942,0.734
P421235,Clarins,Double Serum Firming & Smoothing Anti-Aging Concentrate,Treatments,90.0,2607,4.249,0.866
P406712,Drunk Elephant,B-Hydra Intensive Hydration Serum with Hyaluronic Acid,Treatments,49.0,2555,4.186,0.8
P415777,Drunk Elephant,T.L.C. Sukari Babyfacial AHA + BHA Mask,Masks,80.0,2551,4.292,0.818
P278317,First Aid Beauty,Facial Radiance Pads,Treatments,36.0,2535,4.271,0.845
P4016,Murad,Acne Control Clarifying Cleanser,Cleansers,36.0,2512,4.227,0.808
P421996,Kiehl's Since 1851,Ultra Facial Moisturizing Cream with Squalane,Moisturizers,78.0,2510,4.447,0.883
P422510,Kiehl's Since 1851,Mini Ultra Facial Moisturizing Cream with Squalane,Mini Size,24.0,2510,4.447,0.883
P411403,IT Cosmetics,Confidence in a Cream Anti-Aging Hydrating Moisturizer,Moisturizers,20.0,2487,4.617,0.949
P415771,Tatcha,The Essence Skincare Boosting Treatment,Moisturizers,110.0,2480,4.444,0.888
P473160,Tatcha,Mini The Essence  Skincare Boosting Treatment,Moisturizers,65.0,2480,4.444,0.888
P442840,Skinfix,Barrier+ Triple Lipid-Peptide Face Cream,Moisturizers,54.0,2457,4.287,0.818
P479860,Skinfix,Mini Barrier+ Triple Lipid-Peptide Face Cream,Moisturizers,20.0,2457,4.287,0.818
P461537,Tatcha,The Rice Wash Skin-Softening Cleanser,Cleansers,40.0,2453,4.502,0.896
P504595,Tatcha,Mini Rice Wash Skin-Softening Cleanser,Mini Size,18.0,2453,4.502,0.896
P393718,Sunday Riley,Luna Sleeping Retinoid Night Oil,Moisturizers,105.0,2442,4.079,0.766
P461160,Estée Lauder,Mini Advanced Night Repair Synchronized Multi-Recovery Complex,Mini Size,19.0,2411,4.046,0.792
P461933,Estée Lauder,Advanced Night Repair Synchronized Multi-Recovery Complex Duo,Treatments,195.0,2411,4.046,0.792
P461159,Estée Lauder,Estee Lauder Advanced Night Repair Synchronized Multi-Recovery Complex Serum,Treatments,115.0,2411,4.046,0.792
P12336,fresh,Rose Face Mask,Masks,64.0,2394,4.184,0.83
P376726,tarte,Maracuja Oil,Moisturizers,48.0,2391,4.392,0.818
P440651,Murad,Mini Acne Control Clarifying Cleanser,Mini Size,14.0,2390,4.226,0.805
P42205,Rosebud Perfume Co.,Strawberry Lip Balm,Lip Balms & Treatments,8.0,2373,4.55,0.838
P504615,Tatcha,Mini Deep Cleanse Gentle Exfoliating Cleanser,Mini Size,18.0,2363,4.146,0.791
P427536,Tatcha,The Deep Cleanse Gentle Exfoliating Cleanser,Cleansers,40.0,2363,4.146,0.791
P461555,Youth To The People,Mini Superberry Hydrate + Glow Dream Mask,Mini Size,18.0,2346,4.323,0.824
P440307,Youth To The People,Superberry Hydrate + Glow Dream Night Mask with Vitamin C,Masks,52.0,2346,4.323,0.824
P266126,Rosebud Perfume Co.,Rosebud Salve in a Tube,Lip Balms & Treatments,7.0,2333,4.372,0.788
P422536,Origins,Original Skin Matte Moisturizer with Willowherb,Moisturizers,40.0,2304,4.408,0.885
P410400,Sunday Riley,U.F.O. Salicylic Acid BHA Acne Treatment Face Oil,Moisturizers,80.0,2282,4.134,0.79
P466123,Glow Recipe,Watermelon Glow Niacinamide Dew Drops,Treatments,35.0,2200,4.406,0.866
P455676,Wishful,Yo Glow AHA & BHA Facial Enzyme Scrub,Cleansers,39.0,2196,4.24,0.825
P458216,Wishful,Mini Yo Glow AHA & BHA Facial Enzyme Scrub,Mini Size,21.0,2196,4.24,0.825
P139000,CLINIQUE,All About Clean Liquid Facial Soap,Cleansers,23.5,2140,4.364,0.86
P427416,The Ordinary,Caffeine 5% + EGCG Depuffing Eye Serum,Treatments,8.9,2123,3.772,0.703
P456213,goop,GOOPGLOW Microderm Instant Glow Exfoliator,Cleansers,125.0,2115,4.483,0.901
P459299,goop,Mini GOOPGLOW Microderm Instant Glow Exfoliator,Mini Size,42.0,2115,4.483,0.901
P381030,CLINIQUE,Dramatically Different Moisturizing Lotion+,Moisturizers,32.5,2113,3.91,0.759
P421243,fresh,Sugar Hydrating Lip Balm,Lip Balms & Treatments,19.0,2110,4.196,0.794
P433887,Biossance,Squalane + Omega Repair Deep Hydration Moisturizer,Moisturizers,60.0,2096,4.208,0.813
P463371,Youth To The People,Mini Adaptogen Deep Moisture Cream with Ashwagandha + Reishi,Mini Size,18.0,2070,4.365,0.833
P432829,Youth To The People,Adaptogen Deep Moisturizing Cream with Ashwagandha + Reishi,Moisturizers,58.0,2070,4.365,0.833
P427414,The Ordinary,Natural Moisturizing Factors + HA,Treatments,6.5,2055,4.144,0.792
P432668,Drunk Elephant,D-Bronzi Anti-Pollution Bronzing Drops with Peptides,Treatments,38.0,2045,4.431,0.866
P456218,Supergoop!,Glowscreen Sunscreen SPF 40 PA+++ with Hyaluronic Acid + Niacinamide,Sunscreen,38.0,2043,4.147,0.778
P399623,Tatcha,Luminous Dewy Skin Mist,Moisturizers,49.0,2034,3.953,0.723
P479734,CLINIQUE,Smart Clinical Repair Wrinkle Correcting Eye Cream,Eye Care,57.0,2017,4.24,0.91
P446938,Drunk Elephant,Lala Retro Whipped Refillable Moisturizer with Ceramides,Moisturizers,62.0,1999,4.152,0.802
P283501,Josie Maran,Argan Cleansing Oil,Moisturizers,36.0,1983,4.041,0.702
P443845,The INKEY List,Hyaluronic Acid Hydrating Serum,Treatments,9.99,1970,4.407,0.881
P475908,belif,Aqua Bomb Overnight Lip Mask,Lip Balms & Treatments,22.0,1965,4.407,0.884
P472454,Caudalie,Vinosource-Hydra Moisturizing Sorbet,Moisturizers,38.0,1948,4.218,0.839
P164932,Rosebud Perfume Co.,Minted Rose Lip Balm,Lip Balms & Treatments,8.0,1948,4.518,0.789
P434548,Farmacy,Honeymoon Glow AHA Resurfacing Night Serum,Moisturizers,60.0,1934,4.314,0.835
P428819,Glow Recipe,Watermelon Pink Juice Oil-Free Moisturizer,Moisturizers,39.0,1929,3.998,0.738
P400207,Herbivore,Blue Tansy BHA and Enzyme Pore Refining Mask,Masks,50.0,1928,4.245,0.789
P462699,Glow Recipe,Plum Plump Hyaluronic Acid Serum,Treatments,45.0,1921,4.425,0.875
P403818,Drunk Elephant,Lippe Balm,Lip Balms & Treatments,18.0,1902,3.739,0.645
P500718,CLINIQUE,Smart Clinical Repair Wrinkle Correcting Cream,Moisturizers,68.0,1900,4.178,0.893
P447791,Glow Recipe,Avocado Fine Line Eye Cream with Retinol,Eye Care,42.0,1890,4.105,0.782
P500633,fresh,Tea Elixir Niacinamide & Hyaluronic Acid Anti-Aging Serum,Treatments,80.0,1870,4.772,0.972
P446930,LANEIGE,Cream Skin Toner & Moisturizer,Moisturizers,33.0,1865,4.449,0.892
P392235,Tatcha,The Camellia Oil 2-in-1 Makeup Remover & Cleanser,Cleansers,50.0,1837,4.482,0.876
P460512,Tatcha,Mini Liquid Silk Canvas: Featherweight Protective Primer,Mini Size,24.0,1831,4.394,0.867
P415237,First Aid Beauty,Hello FAB Coconut Skin Smoothie Priming Moisturizer,Moisturizers,32.0,1826,4.199,0.817
P415701,Peter Thomas Roth,Water Drench Hyaluronic Acid Moisturizer,Moisturizers,54.0,1825,4.261,0.807
P471237,fresh,Rose & Hyaluronic Acid Deep Hydration Moisturizer,Moisturizers,46.0,1809,4.587,0.912
P418346,Sunday Riley,C.E.O. 15% Vitamin C Brightening Serum,Treatments,85.0,1797,4.113,0.788
P500701,Estée Lauder,Advanced Night Repair Eye Gel-Cream,Eye Care,72.0,1795,4.349,0.895
P448207,OLEHENRIKSEN,PHAT Glow Facial Mask,Masks,52.0,1783,4.387,0.907
P397890,Origins,Original Skin Retexturizing Mask with Rose Clay,Masks,32.0,1769,4.621,0.94
P405599,tarte,SEA drink of H2O hydrating boost moisturizer,Moisturizers,39.0,1749,4.237,0.794
P468351,CLINIQUE,Moisture Surge 100H Auto-Replenishing Hydrator Moisturizer,Moisturizers,82.0,1730,4.253,0.877
P476414,Sunday Riley,5 Stars Retinol + Niacinamide Eye Serum,Eye Care,65.0,1719,4.639,0.944
P426340,Tatcha,The Rice Polish Foaming Enzyme Powder,Cleansers,68.0,1710,4.425,0.86
P297517,Origins,Super Spot Remover Acne Treatment Gel,Treatments,20.0,1701,3.935,0.728
P424948,Sunday Riley,Auto Correct Brightening + Depuffing Eye Cream for Dark Circles,Eye Care,65.0,1690,4.027,0.774
P440312,fresh,Lotus Anti-Aging Night Moisturizer,Moisturizers,56.0,1685,4.484,0.884
P416816,OLEHENRIKSEN,Balancing Force Oil Control Toner,Cleansers,35.0,1674,4.302,0.786
P453253,MILK MAKEUP,Vegan Milk Moisturizer,Moisturizers,38.0,1672,4.219,0.836
P411388,Youth To The People,Superfood Air-Whip Lightweight Moisturizer with Hyaluronic Acid,Moisturizers,48.0,1672,4.047,0.75
P450917,Peter Thomas Roth,Mini FIRMx Exfoliating Peel Gel,Mini Size,16.0,1670,4.535,0.886
P473267,CLINIQUE,Smart Clinical Repair Wrinkle Correcting Serum,Treatments,71.0,1670,4.194,0.895
P377561,Peter Thomas Roth,FIRMx Exfoliating Peel Gel,Treatments,49.0,1670,4.535,0.886
P12045,Caudalie,Grape Water Moisturizing Face Mist,Moisturizers,12.0,1670,4.443,0.872
P422000,Kiehl's Since 1851,Creamy Eye Treatment with Avocado,Eye Care,36.0,1663,4.003,0.747
P392245,Drunk Elephant,Virgin Marula Luxury Face Oil,Moisturizers,68.0,1652,4.311,0.799
P440925,Origins,Drink Up Intensive Overnight Hydrating Mask with Avocado & Swiss Glacier Water,Masks,32.0,1644,4.496,0.853
P427415,The Ordinary,100% Organic Cold-Pressed Rose Hip Seed Oil,Moisturizers,10.9,1622,4.398,0.869
P386197,Origins,GinZing Refreshing Scrub Cleanser,Cleansers,27.0,1621,4.475,0.861
P427420,The Ordinary,Multi-Peptide + HA Serum,Treatments,30.8,1609,4.143,0.792
P439058,Tatcha,Violet-C Brightening Serum 20% Vitamin C + 10% AHA,Treatments,89.0,1609,4.214,0.808
P400259,Drunk Elephant,C-Firma Fresh Vitamin-C Day Serum,Treatments,78.0,1604,4.157,0.803
P379510,Lancôme,Advanced Génifique Radiance Boosting Face Serum,Treatments,132.0,1601,4.402,0.891
P443840,The INKEY List,Caffeine Eye Cream,Eye Care,10.99,1600,3.897,0.753
P174502,CLINIQUE,All About Eyes Rich Eye Cream,Eye Care,37.0,1582,4.138,0.756
P122774,CLINIQUE,All About Eyes Eye Cream,Eye Care,37.0,1579,4.057,0.757
P54509,Lancôme,Tonique Confort Re-Hydrating Comforting Toner with Acacia Honey,Cleansers,39.0,1576,4.558,0.936
P428250,Peace Out,Oil-Absorbing Pore Treatment Strips,Treatments,19.0,1568,3.978,0.757
P447780,Tatcha,The Silk Peony Melting Eye Cream,Eye Care,62.0,1557,4.16,0.805
P39274,Peter Thomas Roth,Anti-Aging Cleansing Gel,Cleansers,39.0,1554,4.358,0.842
P449599,Peter Thomas Roth,Mini Anti-Aging Cleansing Gel,Mini Size,12.0,1554,4.358,0.842
P443833,The INKEY List,Salicylic Acid Acne + Pore Cleanser,Cleansers,11.99,1552,4.38,0.885
P429242,Shiseido,Clear Sunscreen Stick SPF 50+,Sunscreen,30.0,1529,4.659,0.952
P442566,Drunk Elephant,Slaai  Makeup-Melting Butter Cleanser,Cleansers,36.0,1528,3.783,0.657
P431848,OLEHENRIKSEN,Cold Plunge Pore Mask,Masks,41.0,1519,4.534,0.925
P453825,Lancôme,Hydra Zen Glow Liquid Lightweight Moisturizer with Hyaluronic Acid,Moisturizers,54.0,1511,4.413,0.914
P230538,Evian,Brumisateur Natural Mineral Water Facial Spray Travel Duo,Moisturizers,17.0,1510,4.558,0.877
P402718,Sunday Riley,Power Couple Advanced Retinol and Lactic Acid Duo,Value & Gift Sets,72.0,1495,4.302,0.842
P447592,Dr. Dennis Gross Skincare,Alpha Beta Pore Perfecting & Refining Serum,Treatments,68.0,1494,4.467,0.917
P442594,SEPHORA COLLECTION,Ultra Glow Serum: Glow + Strengthen Vitamin C Serum,Treatments,20.0,1493,4.123,0.81
P429515,Drunk Elephant,C-Tango Vitamin C Eye Cream,Eye Care,64.0,1483,3.748,0.682
P114902,Peter Thomas Roth,Goodbye Acne  Max Complexion Correction Pads,Treatments,48.0,1482,4.416,0.871
P456392,innisfree,Daily UV Defense Invisible Broad Spectrum SPF 36 Sunscreen,Sunscreen,16.0,1464,4.538,0.898
P473322,OLEHENRIKSEN,Dewtopia 20% Acid Night Treatment,Treatments,60.0,1464,4.561,0.938
P416563,Biossance,Squalane + Vitamin C Rose Firming Oil,Moisturizers,74.0,1462,4.35,0.844
P415619,Dior,Dreamskin Skin Perfector,Moisturizers,130.0,1457,4.338,0.874
P500472,Glow Recipe,Mini Plum Plump Hyaluronic Acid Moisturizer,Mini Size,21.0,1455,4.463,0.876
P479327,Glow Recipe,Plum Plump Hyaluronic Acid Moisturizer,Moisturizers,39.0,1455,4.463,0.876
P482320,Supergoop!,Mini Glowscreen Sunscreen SPF 40 PA+++ with Hyaluronic Acid + Niacinamide,Sunscreen,22.0,1452,3.971,0.723
P416815,OLEHENRIKSEN,Find Your Balance Oil Control Cleanser,Cleansers,33.0,1447,4.43,0.837
P460516,Glow Recipe,Papaya Sorbet Smoothing Enzyme Cleansing Balm & Makeup Remover,Cleansers,32.0,1428,4.199,0.809
P448203,Shiseido,Benefiance Wrinkle Smoothing Eye Cream,Eye Care,64.0,1420,4.33,0.866
P470529,Glow Recipe,Avocado Soothing Skin Barrier Serum with Ceramides,Treatments,45.0,1417,4.473,0.874
P433435,IT Cosmetics,CC+ Cream Oil-Free Matte with SPF 40,Moisturizers,44.0,1414,3.843,0.727
P456418,KORRES,Wild Rose Night-Brightening Sleeping Facial,Moisturizers,50.0,1405,4.359,0.794
P404338,Josie Maran,Whipped Argan Oil Face Butter,Moisturizers,45.0,1394,4.143,0.816
P466155,Tatcha,The Dewy Serum Resurfacing and Plumping Treatment,Treatments,89.0,1391,4.636,0.941
P503936,fresh,Black Tea Anti-Aging Moisturizer with Retinol-Alternative BT Matrix,Moisturizers,95.0,1389,4.844,0.984
P377533,Dr. Dennis Gross Skincare,Alpha Beta Universal Daily Peel Pads,Treatments,92.0,1375,4.487,0.894
P426501,La Mer,Mini Crème de la Mer Moisturizer,Mini Size,100.0,1372,4.053,0.753
P416341,La Mer,Crème de la Mer Moisturizer,Moisturizers,380.0,1372,4.053,0.753
P411539,Dr. Jart+,Cicapair Tiger Grass Cream,Moisturizers,49.0,1366,4.323,0.849
P419222,Drunk Elephant,Umbra Sheer Physical Daily Defense SPF 30,Sunscreen,34.0,1361,3.312,0.559
P415747,Sol de Janeiro,Brazilian Kiss Cupuaçu Lip Butter,Lip Balms & Treatments,18.0,1355,4.131,0.774
P458209,Farmacy,Daily Greens Oil-Free Gel Moisturizer with Moringa and Papaya,Moisturizers,42.0,1355,4.063,0.742
P474938,Caudalie,Vinopure Natural Salicylic Acid Pore Minimizing Serum,Treatments,52.0,1352,4.337,0.854
P417936,fresh,Rose & Hyaluronic Acid Deep Hydration Toner,Cleansers,46.0,1352,4.165,0.78
P454018,Tatcha,The Serum Stick: Treatment & Touch Up Balm,Treatments,49.0,1348,4.376,0.884
P482739,Shiseido,Urban Environment Oil-Free Sunscreen Broad-Spectrum SPF 42,Sunscreen,50.0,1343,4.453,0.908
P122882,CLINIQUE,Clarifying Lotion 2,Cleansers,20.0,1343,4.374,0.834
P463036,Farmacy,Honey Halo Ultra-Hydrating Ceramide Moisturizer,Moisturizers,48.0,1341,4.442,0.864
P462336,belif,Aqua Bomb Cleansing Balm,Cleansers,38.0,1331,4.46,0.916
P434360,Origins,High-Potency Night-a-Mins Resurfacing Cream with Fruit-Derived AHAs,Moisturizers,52.0,1331,4.317,0.803
P467038,Peace Out,Retinol Eye Stick,Eye Care,28.0,1329,4.208,0.803
P404795,MILK MAKEUP,Cooling Water,Moisturizers,28.0,1328,3.675,0.644
P439055,Algenist,GENIUS Sleeping Collagen Moisturizer,Moisturizers,98.0,1320,4.541,0.92
P481989,Glow Recipe,Watermelon Glow Niacinamide Sunscreen SPF 50,Sunscreen,35.0,1295,3.758,0.654
P427413,The Ordinary,Lactic Acid 10% + HA 2% Exfoliating Serum,Treatments,8.9,1291,4.501,0.899
P466142,OLEHENRIKSEN,Lemonade Smoothing Scrub,Cleansers,35.0,1276,4.582,0.939
P446421,Origins,Clear Improvement Pore Clearing Moisturizer with Salicylic Acid,Moisturizers,40.0,1270,4.269,0.881
P439926,Drunk Elephant,A-Passioni Retinol Cream,Treatments,74.0,1264,4.204,0.802
P445827,fresh,Sugar Strawberry Exfoliating Face Wash,Cleansers,33.0,1259,4.163,0.809
P422430,Lancôme,Hydra Zen Gel-Cream Oil-Free Moisturizer with Salicylic Acid,Moisturizers,48.0,1255,4.563,0.934
P203616,REN Clean Skincare,Glycol Lactic Radiance Renewal Mask,Masks,58.0,1253,4.392,0.912
P471535,belif,Aqua Bomb Brightening Vitamin C Cream,Moisturizers,45.0,1242,4.499,0.928
P434545,OLEHENRIKSEN,Glow Cycle Retin-ALT Power Serum,Treatments,60.0,1238,4.288,0.872
P476513,GUERLAIN,Mini Abeille Royale Advanced Youth Watery Oil,Mini Size,55.0,1234,4.343,0.882
P428095,REN Clean Skincare,Ready Steady Glow Daily AHA Tonic,Cleansers,40.0,1234,4.147,0.787
P474953,GUERLAIN,Abeille Royale Advanced Youth Watery Oil,Moisturizers,145.0,1234,4.343,0.882
P465368,REN Clean Skincare,Mini Ready Steady Glow Daily AHA Tonic,Cleansers,22.0,1234,4.147,0.787
P442858,fresh,Rose Deep Hydration Sleeping Mask,Masks,29.0,1229,4.458,0.923
P423148,Dermalogica,Precleanse Cleansing Oil,Cleansers,49.0,1227,4.549,0.915
P443350,Dermalogica,Mini Precleanse Cleansing Oil,Mini Size,15.0,1227,4.549,0.915
P453225,Tatcha,The Kissu Lip Mask,Lip Balms & Treatments,29.0,1223,3.767,0.655
P469502,Paula's Choice,Skin Perfecting 2% BHA Liquid Exfoliant,Cleansers,34.0,1200,4.437,0.871
P468658,innisfree,Volcanic AHA Pore Clearing Clay Mask,Masks,16.0,1199,4.615,0.927
P456208,goop,GOOPGLOW 15% Glycolic Acid Overnight Glow Peel,Treatments,125.0,1194,4.255,0.854
P459301,goop,Mini GOOPGLOW 15% Glycolic Acid Overnight Glow Peel,Mini Size,45.0,1194,4.255,0.854
P3617,Peter Thomas Roth,Therapeutic Sulfur Acne Treatment Mask,Masks,52.0,1191,4.505,0.857
P482742,Shiseido,Urban Environment Fresh-Moisture Sunscreen Broad-Spectrum SPF 42,Sunscreen,38.0,1190,4.631,0.955
P427397,Dr. Brandt Skincare,Hydro Biotic Recovery Sleeping Mask,Masks,54.0,1186,4.578,0.933
P448937,Sunday Riley,ICE Ceramide Moisturizer with Vitamin F,Moisturizers,65.0,1175,4.091,0.805
P377570,Josie Maran,Argan Infinity Cream Intensive Creamy Oil,Moisturizers,28.0,1174,4.507,0.874
P455936,Summer Fridays,Lip Butter Balm,Lip Balms & Treatments,24.0,1171,4.318,0.831
P421998,Kiehl's Since 1851,Midnight Recovery Concentrate Moisturizing Face Oil,Treatments,56.0,1166,4.216,0.794
P445951,Kiehl's Since 1851,Midnight Recovery Concentrate Moisturizing Face Oil,Mini Size,30.0,1166,4.216,0.794
P434336,KORA Organics,Mini Noni Glow Face Oil,Mini Size,28.0,1160,4.386,0.848
P421277,Algenist,GENIUS Liquid Collagen Serum,Treatments,115.0,1159,4.026,0.763
P405096,tarte,SEA Deep Dive Cleansing Gel,Cleansers,12.0,1158,4.309,0.809
P122718,CLINIQUE,Exfoliating Face Scrub,Cleansers,26.0,1146,4.601,0.821
P500777,fresh,Sugar Lip Balm Hydrating Treatment,Lip Balms & Treatments,25.0,1143,4.522,0.9
P467602,Algenist,Triple Algae Eye Renewal Balm Eye Cream,Eye Care,68.0,1142,4.531,0.939
P448802,The INKEY List,Brighten-i Eye Cream,Eye Care,12.99,1140,3.762,0.716
P443842,The INKEY List,Retinol Anti-Aging Serum,Treatments,12.99,1138,4.384,0.874
P500757,Peace Out,Microneedling Anti-Wrinkle Retinol Patches,Treatments,24.0,1130,3.996,0.77
P479841,fresh,Floral Recovery Overnight Mask with Squalane,Masks,69.0,1128,4.797,0.975
P418624,KORA Organics,Noni Glow Plumping Face Oil,Moisturizers,72.0,1117,4.411,0.855
P427410,The Ordinary,Vitamin C Suspension 23% + HA Spheres 2%,Treatments,7.8,1113,3.446,0.605
P456211,goop,GOOPGLOW Morning Skin Superpowder,Wellness,60.0,1109,3.991,0.761
P459300,goop,Mini GOOPGLOW Morning Skin Superpowder,Mini Size,12.0,1109,3.991,0.761
P454120,Drunk Elephant,F-Balm Electrolyte Waterfacial Mask,Masks,54.0,1104,4.166,0.8
P474377,Tatcha,Indigo Overnight Repair Serum in Cream Treatment,Moisturizers,92.0,1099,4.548,0.899
P503191,Tatcha,Mini Indigo Overnight Repair Serum in Cream Treatment,Moisturizers,22.0,1099,4.548,0.899
P418629,Sunday Riley,C.E.O. Vitamin C Brightening Rich Hydration Moisturizer,Moisturizers,22.0,1095,3.988,0.738
P473820,Estée Lauder,Advanced Night Repair Eye Concentrate Matrix Synchronized Multi-Recovery Complex,Treatments,82.0,1093,4.31,0.889
P472028,Dior,Capture Totale Super Potent Eye Serum,Eye Care,85.0,1092,4.384,0.895
P384780,Josie Maran,Pure Argan Milk Intensive Hydrating Treatment,Treatments,56.0,1086,4.068,0.809
P423259,Dr. Jart+,Cicapair Tiger Grass Serum,Treatments,52.0,1079,4.265,0.841
P433444,Origins,Clear Improvement Charcoal Honey Mask to Purify and Nourish,Masks,37.0,1074,4.645,0.95
P426707,First Aid Beauty,Hello FAB Coconut Water Cream,Moisturizers,36.0,1071,4.003,0.753
P454378,fresh,Lotus Anti- Aging Daily Moisturizer,Moisturizers,54.0,1069,4.396,0.886
P419223,Drunk Elephant,Shaba Complex Firming Eye Serum,Eye Care,60.0,1069,3.896,0.729
P431181,Isle of Paradise,Self-Tanning Water,Self Tanners,32.0,1068,3.711,0.694
P436359,Glow Recipe,Blueberry Bounce Gentle Cleanser,Cleansers,34.0,1065,3.81,0.682
P430146,Youth To The People,Superberry Hydrate + Glow Dream Oil,Moisturizers,48.0,1062,4.509,0.885
P385432,CLINIQUE,Acne Solutions Clinical Clearing Gel,Treatments,32.0,1061,4.21,0.846
P384539,First Aid Beauty,Deep Cleanser with Red Clay,Cleansers,24.0,1060,4.262,0.844
P454383,Supergoop!,PLAY Everyday Sunscreen Lotion SPF 50 PA++++,Sunscreen,34.0,1056,4.09,0.769
P454384,Supergoop!,Mini PLAY Everyday Lotion SPF 50 with Sunflower Extract,Mini Size,22.0,1056,4.09,0.769
P12295,fresh,Sugar Face Polish Exfoliator,Cleansers,64.0,1054,4.515,0.859
P481831,St. Tropez,Tan Tonic Glow Drops,Self Tanners,42.0,1053,4.669,0.939
P449175,belif,Aqua Bomb Hydrating Toner,Cleansers,30.0,1050,4.361,0.893
P470041,Lancôme,"UV Expert Aquagel Defense Sunscreen, Primer & Moisturizer SPF 50 Duo",Value & Gift Sets,65.0,1045,4.238,0.858
P454838,Kiehl's Since 1851,Powerful-Strength Dark Circle Reducing Vitamin C Eye Serum,Eye Care,55.0,1042,3.86,0.746
P456566,OLEHENRIKSEN,Banana Bright 15% Vitamin C Serum,Treatments,71.0,1040,3.939,0.738
P395615,Caudalie,Pore Minimizing Instant Detox Mask,Masks,42.0,1039,4.503,0.903
P421276,Kate Somerville,ExfoliKate Glow Moisturizer,Moisturizers,76.0,1037,4.509,0.932
P472050,OLEHENRIKSEN,Cold Plunge Pore Remedy Moisturizer with BHA/LHA,Moisturizers,51.0,1035,4.393,0.921
P411365,Murad,Retinol Youth Renewal Serum,Treatments,92.0,1031,4.588,0.932
P482535,Glow Recipe,Strawberry Smooth BHA + AHA Salicylic Acid Serum,Treatments,42.0,1027,4.541,0.907
P411401,IT Cosmetics,Bye Bye Under Eye Brightening Eye Cream for Dark Circles,Eye Care,49.5,1025,4.004,0.776
P471046,KORA Organics,Turmeric Glow Brightening Moisturizer,Moisturizers,62.0,1018,4.499,0.914
P460515,Drunk Elephant,E-Rase Milki Micellar Water,Cleansers,14.0,1017,4.283,0.845
P462347,Drunk Elephant,E-Rase Milki Micellar Water Mini,Mini Size,14.0,1017,4.283,0.845
P214002,REN Clean Skincare,Evercalm Barrier Support Antioxidant Moisturizer,Moisturizers,52.0,1014,4.202,0.831
P447210,Biossance,Squalane + Marine Algae Firming & Lifting Eye Cream,Eye Care,56.0,1013,4.142,0.796
P188309,CLINIQUE,Acne Solutions Cleansing Foam,Cleansers,23.5,1012,4.159,0.795
P455926,Shani Darden Skin Care,Retinol Reform Treatment Serum,Treatments,88.0,1011,4.257,0.83
P455927,Shani Darden Skin Care,Mini Retinol Reform,Mini Size,30.0,1011,4.257,0.83
P403817,CLINIQUE,Pep-Start Eye Cream,Eye Care,32.0,1006,3.677,0.667
P375841,Lancôme,Advanced Génifique Yeux Light-Pearl Eye Serum,Eye Care,80.0,1000,4.101,0.832
P375853,SK-II,Facial Treatment Clear Lotion Toner,Cleansers,80.0,1000,4.096,0.783
P466164,Youth To The People,15% Vitamin C + Clean Caffeine Energy Serum,Treatments,69.0,993,4.393,0.851
P442836,Skinfix,Barrier+ Foaming Oil Hydrating Cleanser,Cleansers,30.0,993,4.586,0.901
P297551,Origins,Out of Trouble 10 Minute Mask to Rescue Problem Skin,Masks,32.0,992,4.395,0.863
P442744,Glow Recipe,Watermelon Glow Ultra-Fine Mist,Moisturizers,29.0,991,4.154,0.791
P433443,belif,Aqua Bomb Sleeping Mask,Moisturizers,38.0,987,4.516,0.896
P440650,Murad,Mini Retinol Youth Renewal Serum,Mini Size,32.0,987,4.609,0.94
P375534,First Aid Beauty,Ultra Repair Face Moisturizer,Moisturizers,28.0,985,4.196,0.803
P446942,The INKEY List,Niacinamide Oil Control Serum,Treatments,9.99,985,4.199,0.849
P472468,Glow Recipe,Watermelon Glow Hyaluronic Clay Pore-Tight Facial Mask,Masks,40.0,982,4.592,0.939
P457005,fresh,Rose & Squalane Deep Hydration Oil-Infused Serum,Treatments,60.0,979,4.584,0.934
P454313,LANEIGE,Cica Sleeping Mask,Masks,34.0,977,4.637,0.92
P416139,Sunday Riley,Mini C.E.O. Vitamin C Brightening Rich Hydration Moisturizer,Moisturizers,65.0,977,4.013,0.748
P476729,Sulwhasoo,Mini First Care Activating Serum,Mini Size,25.0,976,4.571,0.918
P469538,Sulwhasoo,Anti-Aging First Care Activating Serum,Treatments,89.0,976,4.571,0.918
P188307,CLINIQUE,Acne Solutions Clarifying Lotion,Cleansers,20.0,975,4.396,0.867
P409631,tarte,SEA FRXXXTION Stick Exfoliating Cleanser,Cleansers,22.0,969,4.531,0.903
P404793,MILK MAKEUP,Sunshine Vitamin C + Squalane Face Oil,Moisturizers,39.0,967,4.371,0.901
P453224,Biossance,Squalane + 10% Lactic Acid Resurfacing Serum,Treatments,65.0,966,4.396,0.864
P475589,Origins,Ginzing Vitamin C Eye Cream to Brighten and Depuff,Eye Care,37.0,963,4.456,0.909
P443830,The INKEY List,Polyglutamic Acid Hydrating Serum,Treatments,14.99,962,4.394,0.9
P505346,Sulwhasoo,First Care Activating Serum 25th Anniversary Limited Edition,Treatments,110.0,959,4.583,0.922
P427411,The Ordinary,Azelaic Acid 10% Suspension Brightening Cream,Treatments,11.1,959,4.154,0.809
P400203,Herbivore,Lapis Blue Tansy Face Oil - For Oily & Acne-Prone Skin,Moisturizers,74.0,958,4.252,0.787
P479904,Herbivore,Mini Lapis Blue Tansy Face Oil - For Oily & Acne-Prone Skin,Moisturizers,15.0,958,4.252,0.787
P458755,Charlotte Tilbury,Charlotte’s Magic Serum with Vitamin C,Treatments,85.0,954,4.159,0.804
P309310,Sunday Riley,Ceramic Slip French Green Clay Cleanser,Cleansers,35.0,951,3.846,0.737
P474937,Caudalie,Vinopure Pore Purifying Gel Cleanser,Cleansers,30.0,948,4.461,0.891
P404322,Kate Somerville,ExfoliKate Cleanser Daily Foaming Wash,Cleansers,44.0,948,4.449,0.849
P448202,Shiseido,Benefiance Wrinkle Smoothing Cream Enriched,Moisturizers,75.0,947,4.578,0.938
P453930,Dermalogica,Biolumin-C Vitamin C Eye Serum,Eye Care,74.0,945,4.523,0.93
P463105,Shiseido,Benefiance Wrinkle Smoothing Retinol Serum,Treatments,75.0,937,4.581,0.946
P442838,Skinfix,Barrier+ Triple Lipid-Boost 360° Brightening Eye Cream,Eye Care,44.0,934,4.317,0.838
P411393,IT Cosmetics,Bye Bye Redness Neutralizing Color-Correcting Cream,Moisturizers,35.0,928,4.172,0.819
P481164,Shiseido,Essential Energy Hydrating Day Cream Broad Spectrum SPF 20,Moisturizers,50.0,926,4.552,0.942
P39970,fresh,Rose Floral Toner,Cleansers,15.0,925,4.102,0.759
P475921,Clarins,Double Serum Eye Firming & Hydrating Anti-Aging Concentrate,Eye Care,82.0,923,4.228,0.855
P501760,Glow Recipe,Guava Vitamin C Bright-Eye Gel Cream,Eye Care,38.0,922,4.487,0.882
P502656,IT Cosmetics,Secret Sauce Moisturizer,Moisturizers,72.0,920,4.089,0.783
P467655,The INKEY List,Succinic Acid Acne Treatment,Treatments,9.99,920,3.848,0.717
P375850,SK-II,Facial Treatment Cleanser,Cleansers,75.0,919,4.131,0.783
P470259,Topicals,Faded Serum for Dark Spots & Discoloration,Treatments,38.0,917,3.659,0.685
P484080,Topicals,Mini Faded Serum for Dark Spots & Discoloration,Treatments,18.0,917,3.659,0.685
P440949,Alpha-H,Liquid Gold Exfoliating Treatment with Glycolic acid,Treatments,56.0,915,4.509,0.921
P455611,Kiehl's Since 1851,Clearly Corrective Dark Spot Solution Duo,Value & Gift Sets,125.0,913,3.848,0.738
P422022,Kiehl's Since 1851,Clearly Corrective Dark Spot Correcting Serum,Treatments,65.0,913,3.848,0.738
P471025,Farmacy,FILLING GOOD hyaluronic acid plumping serum,Treatments,48.0,912,4.319,0.855
P479318,Farmacy,10% Niacinamide Night Mask,Masks,44.0,906,4.678,0.949
P449180,Summer Fridays,CC Me Vitamin C + Niacinamide Serum,Treatments,68.0,896,4.089,0.748
P122881,CLINIQUE,Clarifying Lotion 3,Cleansers,20.0,895,4.305,0.837
P217513,fresh,Black Tea Instant Perfecting Mask,Masks,96.0,894,4.284,0.874
P444718,The Ordinary,Squalane Cleanser,Cleansers,9.0,891,4.01,0.754
P377545,tarte,Maracuja C-Brighter Eye Treatment,Eye Care,39.0,890,4.003,0.762
P469213,OLEHENRIKSEN,Wrinkle Blur Bakuchiol Eye Gel Crème,Eye Care,52.0,886,4.394,0.902
P254720,Murad,Acne Control Clarifying Cream Cleanser,Cleansers,39.0,885,4.337,0.831
P431187,Farmacy,Clean Bee Ultra Gentle Facial Cleanser,Cleansers,28.0,882,4.033,0.735
P257537,CLINIQUE,All About Eyes Serum De-Puffing Eye Massage,Eye Care,37.0,881,3.754,0.557
P454936,Dr. Barbara Sturm,Mini Hyaluronic Serum,Mini Size,110.0,879,3.939,0.731
P447212,Dr. Barbara Sturm,Hyaluronic Serum,Treatments,320.0,879,3.939,0.731
P418872,OLEHENRIKSEN,Pore-Balance Facial Sauna Scrub,Cleansers,35.0,879,4.56,0.885
P479339,OLEHENRIKSEN,Strength Trainer Peptide Boost Moisturizer,Moisturizers,51.0,867,4.546,0.915
P481161,Shiseido,Ultimune Power Infusing Anti-Aging Serum,Treatments,75.0,865,4.55,0.921
P4015,Murad,Clarifying Toner,Cleansers,30.0,863,4.314,0.822
P422007,Kiehl's Since 1851,Ultra Facial Cleanser,Cleansers,30.0,862,4.371,0.86
P379707,Tata Harper,Resurfacing BHA Glow Mask,Masks,68.0,848,4.348,0.856
P470536,Lancôme,Clarifique Exfoliating & Hydrating Face Essence with Glycolic Acid,Moisturizers,95.0,847,4.643,0.957
P419221,Drunk Elephant,Umbra Tinte Physical Daily Defense SPF 30,Sunscreen,36.0,845,3.298,0.521
P458576,Peter Thomas Roth,Water Drench Hyaluronic Hydrating Moisturizer SPF 45,Moisturizers,55.0,844,4.282,0.848
P442761,Sunday Riley,C.E.O Glow Vitamin C + Turmeric Face Oil,Moisturizers,80.0,843,4.076,0.773
P433521,Charlotte Tilbury,Charlotte’s Magic Eye Cream with Retinol,Eye Care,65.0,842,4.354,0.884
P428416,Farmacy,Honey Butter Beeswax Lip Balm,Lip Balms & Treatments,12.0,839,4.255,0.797
P461451,GUERLAIN,Abeille Royale Anti-Aging Fortifying Lotion Toner,Cleansers,85.0,834,4.257,0.879
P468409,SK-II,SKINPOWER Airy Milky Lotion,Moisturizers,170.0,831,4.265,0.815
P482676,Farmacy,10% Waterless Vitamin C Serum,Treatments,50.0,828,4.43,0.878
P9940,Murad,Essential-C Day Moisture Broad Spectrum SPF 30 PA+++,Moisturizers,68.0,822,4.243,0.859
P459141,Farmacy,Deep Sweep 2% BHA Pore Cleaning Toner with Moringa + Papaya,Cleansers,32.0,821,4.484,0.871
P480301,Farmacy,Mini Deep Sweep 2% BHA Pore Cleaning Toner with Moringa + Papaya,Cleansers,16.0,821,4.484,0.871
P471029,goop,GOOPGLOW Glow Lotion,Moisturizers,58.0,814,4.066,0.787
P454935,Dr. Barbara Sturm,Mini Glow Drops,Mini Size,60.0,814,4.061,0.783
P447782,Dr. Barbara Sturm,Glow Drops,Treatments,150.0,814,4.061,0.783
P464233,Dr. Barbara Sturm,Mini Face Cream,Moisturizers,75.0,809,4.24,0.81
P447781,Dr. Barbara Sturm,Face Cream,Moisturizers,225.0,809,4.24,0.81
P440934,Tatcha,The Silk Canvas Protective Primer Mini,Mini Size,24.0,807,3.644,0.636
P455236,Glow Recipe,Glow Lip Pop Lip Balm,Lip Balms & Treatments,22.0,805,4.503,0.897
P429516,COOLA,Full Spectrum 360° Sun Silk Drops Organic Sunscreen SPF 30,Sunscreen,48.0,799,4.421,0.887
P471065,Peter Thomas Roth,Mini Water Drench  Hyaluronic Hydrating Moisturizer SPF 45,Mini Size,23.0,795,4.311,0.859
P455369,The INKEY List,Peptide Moisturizer,Moisturizers,15.99,788,3.792,0.703
P456126,MILK MAKEUP,Vegan Milk Cleanser,Cleansers,30.0,788,4.426,0.901
P467249,Fenty Skin,Hydra Vizor Invisible Moisturizer Broad Spectrum SPF 30 Sunscreen with Niacinamide + Kalahari Melon,Moisturizers,39.0,786,4.013,0.757
P122762,CLINIQUE,Rinse-Off Foaming Cleanser,Cleansers,23.5,785,4.479,0.754
P4010,Murad,AHA/BHA Exfoliating Cleanser,Cleansers,46.0,776,4.497,0.858
P394397,Murad,Invisiblur Perfecting Shield Broad Spectrum SPF 30 PA+++,Treatments,71.0,772,3.953,0.759
P122661,CLINIQUE,7 Day Face Scrub Cream Rinse-Off Formula,Cleansers,26.0,772,4.521,0.798
P481739,Skinfix,Barrier+ Skin Barrier Niacinamide Restoring Gel Cream,Moisturizers,48.0,771,4.521,0.883
P281835,GLO Science,GLO Brilliant White Smile - At Home Teeth Whitening Device,Value & Gift Sets,159.0,770,4.008,0.757
P428100,Peter Thomas Roth,Potent-C Vitamin C Power Serum,Treatments,105.0,762,4.028,0.751
P454396,fresh,Lotus Youth Preserve Eye Cream,Eye Care,45.0,762,4.403,0.909
P454084,Josie Maran,Argan Beta Retinol Pink Algae Serum,Treatments,69.0,760,4.413,0.903
P427412,The Ordinary,Alpha Arbutin 2% + HA Hyperpigmentation Serum,Treatments,11.1,757,4.033,0.787
P475543,Glow Recipe,Guava Vitamin C Dark Spot Treatment Serum,Treatments,45.0,750,4.261,0.815
P468408,SK-II,SKINPOWER Eye Cream,Eye Care,145.0,747,4.323,0.846
P467615,Dr. Jart+,Cicapair Tiger Grass Sleepair Intensive Mask,Masks,42.0,744,4.547,0.918
P460578,goop,GOOPGENES All-In-One Nourishing Face Cream,Moisturizers,98.0,737,4.288,0.853
P501254,Glow Recipe,Watermelon Glow AHA Night Treatment,Treatments,40.0,733,4.677,0.937
P471788,Murad,Mini AHA/BHA Exfoliating Cleanser,Mini Size,17.0,720,4.489,0.851
P387261,Peter Thomas Roth,Pumpkin Enzyme Mask Enzymatic Dermal Resurfacer,Masks,60.0,720,4.661,0.923
P469490,LANEIGE,Lip Treatment Balm,Lip Balms & Treatments,25.0,719,4.213,0.783
P505031,Benefit Cosmetics,The POREfessional Smooth Sip Lightweight Gel-Cream Moisturizer,Moisturizers,44.0,718,4.597,0.936
P466122,fresh,Kombucha 2-in-1 No-Rinse Cleanser & Prebiotic Treatment,Cleansers,44.0,715,4.431,0.926
P432241,CLINIQUE,Dramatically Different Hydrating Jelly,Moisturizers,45.0,715,3.873,0.731
P416561,Biossance,Squalane + Probiotic Balancing Gel Moisturizer,Moisturizers,54.0,713,4.094,0.759
P443700,Dermalogica,Mini Special Cleansing Gel,Mini Size,13.0,713,4.518,0.91
P470024,Drunk Elephant,Protini Powerpeptide Resurfacing Serum with Lactic Acid,Treatments,82.0,713,4.362,0.864
P423136,Dermalogica,Special Cleansing Gel,Cleansers,42.0,713,4.518,0.91
P446423,Murad,InvisiScar Post-Acne Resurfacing Treatment,Treatments,38.0,711,4.117,0.814
P472981,Lancôme,Advanced Génifique Wrinkle & Dark Circle Eye Cream,Eye Care,79.0,708,4.61,0.942
P427418,The Ordinary,Granactive Retinoid* 2% Emulsion,Treatments,11.7,708,4.448,0.884
P505023,Benefit Cosmetics,The POREfessional Deep Retreat Pore-Clearing Clay Mask,Masks,39.0,706,4.766,0.98
P471226,Caudalie,Vinoperfect Instant Brightening Moisturizer with Niacinamide,Moisturizers,65.0,703,4.397,0.871
P479125,Summer Fridays,Mini Cloud Dew Oil-Free Gel Cream,Moisturizers,17.0,700,4.483,0.883
P505009,Benefit Cosmetics,The POREfessional Tight ’n Toned Pore-Refining AHA+PHA Toner,Cleansers,34.0,700,4.641,0.946
P466153,Summer Fridays,Cloud Dew Gel Cream Moisturizer,Moisturizers,45.0,700,4.483,0.883
P379710,Tata Harper,Regenerating Exfoliating Cleanser,Cleansers,88.0,700,4.466,0.906
P482693,LANEIGE,Water Bank Blue Hyaluronic Cream Moisturizer,Moisturizers,40.0,699,3.99,0.734
P457517,fresh,Rose Petal-Soft Deep Hydration Lip Balm,Lip Balms & Treatments,25.0,699,4.389,0.863
P232906,Kate Somerville,Oil Free Moisturizer,Moisturizers,76.0,691,4.143,0.736
P188306,CLINIQUE,Acne Solutions All-Over Clearing Treatment Oil-Free,Treatments,26.0,691,4.004,0.864
P444057,belif,Aqua Bomb Jelly Cleanser,Cleansers,30.0,684,4.294,0.87
P467945,Dior,Capture Totale Super Potent Rich Cream,Moisturizers,130.0,678,4.546,0.942
P458900,Josie Maran,Pineapple Enzyme Pore Clearing Cleanser,Cleansers,29.0,678,4.245,0.863
P453824,Peter Thomas Roth,Vital-E Antioxidant Recovery Cream,Moisturizers,75.0,676,4.411,0.904
P466117,Drunk Elephant,Sweet Biome Fermented Sake Hydrating Spray,Moisturizers,42.0,676,3.882,0.754
P455368,The INKEY List,15% Vitamin C and EGF Brightening Serum,Treatments,15.99,671,3.942,0.744
P413326,Tatcha,Camellia Gold Spun Lip Balm,Lip Balms & Treatments,30.0,671,4.28,0.83
P466673,Murad,Rapid Dark Spot Correcting Serum,Treatments,83.0,663,4.388,0.902
P455366,The INKEY List,Retinol Eye Cream,Eye Care,12.99,661,3.953,0.775
P470506,Augustinus Bader,The Cream Cleansing Gel with TFC8 Gentle Cleanser,Cleansers,70.0,661,4.483,0.911
P443349,HUM Nutrition,Skin Squad Pre + ProbioticSupplement for Acne-Prone Skin,Wellness,40.0,660,4.115,0.829
P448852,Tower 28 Beauty,SOS Daily Rescue Facial Spray,Moisturizers,12.0,659,4.237,0.81
P461213,Wishful,Honey Balm Niacinamide Moisturizer,Moisturizers,43.0,657,4.189,0.799
P381020,Caudalie,Vinoclean Cleansing Micellar Water,Cleansers,30.0,657,4.011,0.762
P442830,The Ordinary,100% Plant-Derived Squalane,Treatments,10.0,656,4.538,0.893
P454806,Dior,Capture Totale Firming & Wrinkle-Correcting Cream,Moisturizers,130.0,654,4.517,0.925
P456410,Biossance,Squalane + Zinc Sheer Mineral Sunscreen SPF 30 PA +++,Sunscreen,34.0,653,3.867,0.685
P416562,Biossance,Squalane + Peptide Brightening & De-Puffing Eye Gel,Eye Care,56.0,652,3.641,0.606
P420699,Tatcha,Violet-C Radiance Mask,Masks,70.0,651,4.051,0.747
P439928,Supergoop!,Superscreen Daily Moisturizer Sunscreen SPF 40 PA+++,Moisturizers,44.0,649,3.7,0.643
P432045,Algenist,GENIUS Liquid Collagen Lip Treatment,Lip Balms & Treatments,29.0,649,3.872,0.713
P448185,Dr. Jart+,Cicapair Tiger Grass Calming Gel Cream,Moisturizers,49.0,645,4.498,0.907
P471043,Josie Maran,Argan Pro-Retinol Eye Cream,Eye Care,42.0,642,4.478,0.891
P448530,The Ordinary,Salicylic Acid 2% Masque,Masks,13.3,638,4.368,0.892
P416560,Biossance,Squalane + Antioxidant Makeup Removing Cleansing Oil,Cleansers,32.0,638,4.02,0.734
P467110,Biossance,Squalane + 10% Vitamin C Dark Spot Serum,Treatments,65.0,636,4.341,0.869
P427638,Murad,Nutrient-Charged Water Gel,Moisturizers,71.0,633,4.476,0.896
P466134,LANEIGE,Radian-C Cream with Vitamin C,Moisturizers,35.0,631,4.491,0.884
P460747,Herbivore,Pink Cloud Rosewater + Squalane Makeup Removing Face Wash,Cleansers,26.0,631,4.353,0.842
P503634,Glow Recipe,Avocado Ceramide Moisture Barrier Cleanser,Cleansers,28.0,630,4.425,0.889
P477830,Youth To The People,Superberry Dream Cleansing Balm,Cleansers,39.0,628,4.387,0.842
P500245,ILIA,C Beyond Triple Serum SPF 40 Mineral Sunscreen with Vitamin C 10% + Niacinamide,Sunscreen,64.0,627,3.657,0.676
P461165,goop,GOOPGENES All-In-One Nourishing Eye Cream,Eye Care,55.0,627,4.203,0.834
P503726,Sunday Riley,B3 Nice 10% Niacinamide Serum,Treatments,65.0,627,4.727,0.962
P477157,Farmacy,Clearly Clean Makeup Removing Cleansing Balm,Cleansers,36.0,625,4.645,0.907
P415667,Kate Somerville,EradiKate Daily Cleanser Acne Treatment,Treatments,44.0,624,4.24,0.811
P396623,COOLA,Makeup Setting Spray Organic Sunscreen SPF 30,Sunscreen,36.0,624,3.309,0.57
P436094,REN Clean Skincare,Evercalm Overnight Recovery Balm,Moisturizers,55.0,624,4.487,0.901
P34402,Murad,Acne Control Clarifying Body Spray,Treatments,48.0,623,4.284,0.876
P455934,Youth To The People,Yerba Mate Resurfacing + Exfoliating Energy Facial with Enzymes + Niacinamide,Cleansers,59.0,622,4.473,0.889
P456417,KORRES,Wild Rose Brightening Absolute Oil,Moisturizers,54.0,621,4.354,0.797
P454019,Dr. Jart+,Teatreement Moisturizer,Moisturizers,35.0,621,4.245,0.878
P283106,Peter Thomas Roth,Instant FIRMx Eye Temporary Eye Tightener,Eye Care,38.0,618,3.324,0.471
P386754,HUM Nutrition,Daily Cleanse Clear Skin and Body Detox Supplement,Wellness,26.0,617,4.053,0.766
P443370,Dermalogica,BioLumin-C Vitamin C Serum,Treatments,95.0,616,4.573,0.938
P501029,Kiehl's Since 1851,Retinol Fast-Release Wrinkle Reducing Night Serum,Treatments,85.0,614,4.516,0.933
P443843,The INKEY List,Q10 Antioxidant Serum,Treatments,9.99,613,4.307,0.881
P480162,Dior,Cica Recover & Repair Multi-Use Balm,Moisturizers,60.0,611,4.642,0.948
P501005,Dr. Jart+,Premium BB Tinted Moisturizer with Niacinamide and SPF 40,Moisturizers,44.0,610,4.321,0.875
P232910,Kate Somerville,Goat Milk Moisturizing Cream,Moisturizers,76.0,609,4.038,0.706
P384778,fresh,Black Tea Firming and De-Puffing Eye Cream,Eye Care,68.0,607,3.873,0.684
P471003,Biossance,Squalane + BHA Pore-Minimizing Toner,Cleansers,30.0,607,4.43,0.903
P460855,SEPHORA COLLECTION,Clean Lip Balm & Scrub,Lip Balms & Treatments,7.0,605,2.274,0.302
P456399,Shiseido,Ultimate Sun Protector Cream SPF 50+ Face Sunscreen,Sunscreen,40.0,604,4.275,0.874
P232907,Kate Somerville,Anti Bac Acne Clearing Lotion,Treatments,56.0,604,4.455,0.91
P467126,JLo Beauty,That Jlo Glow Brightening & Firming Serum with Niacinamide,Treatments,79.0,604,3.942,0.72
P479971,Lancôme,Rénergie H.C.F. Triple Serum: For Plumping & Anti-Aging,Treatments,140.0,603,4.439,0.912
P474078,Peter Thomas Roth,Mini Goodbye Acne  AHA/BHA Acne Clearing Gel Face Body Spot Treatment,Mini Size,20.0,602,4.277,0.79
P3550,Peter Thomas Roth,Goodbye Acne AHA/BHA Acne Clearing Gel Face Body Spot Treatment,Treatments,48.0,602,4.277,0.79
P306941,Kate Somerville,DermalQuench Hyaluronic Acid Hydration Treatment,Treatments,110.0,602,4.181,0.863
P483679,OLEHENRIKSEN,Truth Barrier Booster Orange Ferment Vitamin C Essence,Moisturizers,48.0,602,4.814,0.973
P479354,The INKEY List,Omega Water Cream Moisturizer,Moisturizers,10.99,600,4.082,0.778
P474832,fresh,Sugar Recovery Lip Mask Advanced Therapy,Lip Balms & Treatments,28.0,600,4.693,0.945
P504986,Shiseido,Urban Environment Vita-Clear Sunscreen SPF 42,Sunscreen,38.0,600,4.565,0.953
P405584,Drunk Elephant,Baby Pekee Bar + Juju Bar Travel Duo,Value & Gift Sets,16.0,599,4.346,0.817
P453823,Peter Thomas Roth,Vital-E Antioxidant Recovery Eye Cream,Eye Care,55.0,598,4.326,0.873
P474840,Kiehl's Since 1851,Micro-Dose Anti-Aging Retinol Serum with Ceramides and Peptide,Treatments,65.0,598,4.492,0.915
P457864,Kiehl's Since 1851,Vital Skin-Strengthening Hyaluronic Acid Super Serum,Treatments,60.0,597,4.219,0.859
P461439,Dr. Dennis Gross Skincare,Hyaluronic Marine Makeup Removing Meltaway Cleanser,Cleansers,32.0,595,4.455,0.891
P421432,Murad,Rapid Relief Acne Spot Treatment,Treatments,26.0,590,3.927,0.753
P475630,Youth To The People,Mini Mandelic Acid + Superfood Unity Exfoliant,Cleansers,16.0,585,4.668,0.94
P309306,Sunday Riley,Juno Antioxidant + Superfood Face Oil,Moisturizers,72.0,584,4.334,0.808
P480177,Kiehl's Since 1851,Super Multi-Corrective Anti-Aging Eye Cream,Eye Care,60.0,582,4.565,0.931
P443846,The INKEY List,Collagen Booster Firming Peptide Serum,Treatments,12.99,580,4.31,0.871
P442857,Dr. Jart+,Focuspot Micro Tip Patches,Treatments,20.0,579,3.041,0.504
P500613,OLEHENRIKSEN,Banana Bright+ Vitamin C Eye Crème,Eye Care,42.0,579,4.19,0.845
P201440,CLINIQUE,Redness Solutions with Probiotic Technology Daily Relief Cream,Moisturizers,56.0,577,4.0,0.679
P466154,Supergoop!,Daily Dose Vitamin C + SPF 40 Sunscreen Serum PA+++,Sunscreen,46.0,574,3.672,0.638
P503879,Farmacy,Wake Up Honey Eye Cream with Brightening Vitamin C,Eye Care,45.0,572,4.699,0.953
P482298,Origins,Dr. Andrew Weil for Origins Mega-Mushroom Relief & Resilience Soothing Treatment Lotion,Moisturizers,40.0,571,4.403,0.893
P442839,Skinfix,Barrier+ Triple Lipid-Peptide Lotion Moisturizer,Moisturizers,42.0,569,4.65,0.94
P432242,CLINIQUE,Blackhead Solutions 7 Day Deep Pore Cleanse & Face Scrub,Cleansers,26.5,568,4.113,0.836
P457008,Dr. Jart+,Cryo Rubber Masks,Masks,15.0,566,4.313,0.853
P393076,First Aid Beauty,Ultra Repair Hydra-Firm Night Cream,Moisturizers,44.0,562,4.311,0.814
P461949,La Mer,The Concentrate Serum,Treatments,425.0,562,4.518,0.883
P500240,Dermalogica,Daily Milkfoliant Exfoliator,Cleansers,65.0,561,4.79,0.971
P481972,Dior,La Mousse OFF/ON Foaming Face Cleanser,Cleansers,50.0,559,4.424,0.894
P442741,Peter Thomas Roth,Peptide 21 Wrinkle Resist Serum,Treatments,125.0,558,4.444,0.885
P469482,Isle of Paradise,Even Skin Tone Self-Tanning Body Butter,Self Tanners,28.0,557,3.738,0.679
P442564,Herbivore,Emerald CBD + Adaptogens Deep Moisture Glow Oil,Moisturizers,60.0,557,4.364,0.835
P399932,Peter Thomas Roth,Acne-Clear Invisible Dots,Treatments,32.0,555,3.432,0.567
P448184,Dr. Jart+,Cicapair Tiger Grass Calming Mist,Moisturizers,25.0,554,4.431,0.903
P455241,KORA Organics,Noni Night AHA Pore & Resurfacing Serum,Treatments,74.0,554,4.394,0.903
P384821,CLINIQUE,Take The Day Off  Cleansing Oil Makeup Remover,Moisturizers,34.5,552,4.33,0.861
P504125,Glow Recipe,Strawberry BHA Pore-Smooth Blur Drops,Treatments,32.0,552,4.661,0.957
P467124,JLo Beauty,That Blockbuster Cream with Hyaluronic Acid,Moisturizers,59.0,551,4.162,0.802
P500307,Fenty Skin,Cherry Treat Conditioning + Strengthening Lip Oil,Lip Balms & Treatments,24.0,549,4.448,0.862
P442742,Peter Thomas Roth,Peptide 21 Amino Acid Exfoliating Peel Pads,Treatments,55.0,547,4.645,0.952
P463144,Youth To The People,Dream Eye Cream with Vitamin C and Ceramides,Eye Care,48.0,547,3.865,0.702
P251529,Peter Thomas Roth,Retinol Fusion PM Night Serum,Treatments,65.0,546,4.333,0.778
P446934,Murad,Oil and Pore Control Mattifier Broad Spectrum SPF 45 PA++++,Moisturizers,49.0,544,3.936,0.754
P445832,Dermalogica,Acne Clearing Skin Wash Cleanser,Cleansers,42.0,541,4.63,0.959
P501165,WASO,SHIKULIME Mega Hydrating Moisturizer,Moisturizers,36.0,540,4.656,0.957
P392608,Peter Thomas Roth,Irish Moor Mud Purifying Black Mask,Masks,60.0,538,4.372,0.792
P468821,First Aid Beauty,Ultra Repair Firming Collagen Cream with Peptides and Niacinamide,Moisturizers,44.0,535,4.536,0.895
P420224,Caudalie,Vinoperfect Brightening Glycolic Essence,Moisturizers,59.0,534,4.268,0.811
P483076,Sunday Riley,C.E.O. Afterglow Brightening Vitamin C Moisturizer,Moisturizers,22.0,533,4.647,0.949
P382204,Peter Thomas Roth,Cucumber Gel Mask Extreme Detoxifying Hydrator,Masks,55.0,533,4.199,0.841
P482551,Sunday Riley,C.E.O. Afterglow Brightening Vitamin C Moisturizer,Moisturizers,65.0,533,4.647,0.949
P446641,Josie Maran,Argan Bright Skin Vitamin C Serum,Treatments,66.0,531,4.395,0.902
P447603,First Aid Beauty,Ultra Repair Wild Oat Hydrating Toner,Cleansers,24.0,531,4.475,0.879
P438619,SEPHORA COLLECTION,Brightening Eye Cream with Caffeine and Hyaluronic Acid,Eye Care,18.0,531,4.369,0.874
P436387,Summer Fridays,Overtime Mask,Masks,49.0,531,4.409,0.863
P474304,Biossance,Squalane + Amino Aloe Gentle Pore-Minimizing Cleanser,Cleansers,28.0,529,4.408,0.898
P414293,Farmacy,Honey Savior All-in-One Skin Repair Salve,Moisturizers,34.0,529,4.435,0.851
P442003,fresh,Sugar Mint Rush Freshening Lip Treatment,Lip Balms & Treatments,25.0,528,4.083,0.792
P459133,OLEHENRIKSEN,Mini Truth Juice Daily Cleanser,Mini Size,16.0,528,4.239,0.784
P453227,OLEHENRIKSEN,Truth Juice Daily Cleanser,Cleansers,33.0,528,4.239,0.784
P422002,Kiehl's Since 1851,Rare Earth Deep Pore Minimizing Cleansing Clay Mask,Masks,45.0,524,4.542,0.883
P474060,Kiehl's Since 1851,Mini Rare Earth Deep Pore Minimizing Cleansing Clay Mask,Mini Size,25.0,524,4.542,0.883
P434546,OLEHENRIKSEN,Goodnight Glow Bakuchiol Sleeping Crème,Moisturizers,60.0,524,3.882,0.714
P460723,SEPHORA COLLECTION,Clean Cleansing & Gentle Exfoliating Wipes,Cleansers,6.0,524,2.563,0.378
P479304,Biossance,Squalane + Copper Peptide Rapid Plumping Serum,Treatments,68.0,520,4.465,0.875
P463353,Supergoop!,CC Screen 100% Mineral CC Cream SPF 50 PA++++,Moisturizers,44.0,519,3.397,0.595
P440075,Sunday Riley,A+ High-Dose Retinol Serum,Treatments,85.0,518,4.197,0.792
P464238,Dr. Zenovia Skincare,Peptide + Ceramide Repairing Moisturizer,Moisturizers,79.0,518,4.674,0.961
P443841,The INKEY List,Vitamin C Brightening Cream,Treatments,10.99,517,3.033,0.509
P500857,Murad,Deep Relief Acne Treatment with Salicylic Acid,Treatments,45.0,517,4.708,0.957
P407450,St. Tropez,Self Tan Classic Bronzing Mousse,Self Tanners,34.0,515,4.26,0.882
P459127,Dr. Lara Devgan Scientific Beauty,Platinum Lip Plump SPF 30,Lip Balms & Treatments,50.0,514,4.57,0.889
P472472,Kiehl's Since 1851,Ferulic Brew Facial Treatment Essence with Lactic Acid,Moisturizers,60.0,514,4.56,0.914
P94812,Clarins,One-Step Gentle Exfoliating Cleanser with Orange Extract,Cleansers,39.0,513,4.612,0.846
P476843,Charlotte Tilbury,Cryo-Recovery Depuffing Eye Serum,Eye Care,70.0,511,4.323,0.845
P450614,The INKEY List,Tranexamic Acid Hyperpigmentation Treatment,Treatments,15.99,510,3.933,0.782
P391802,Dr. Brandt Skincare,Needles No More Wrinkle Smoothing Cream,Treatments,89.0,508,3.52,0.748
P442743,Peter Thomas Roth,Peptide 21 Wrinkle Resist Moisturizer,Moisturizers,95.0,508,4.553,0.931
P432049,Moon Juice,SuperYou Daily Stress Management,Wellness,49.0,507,4.572,0.917
P456414,KORRES,Greek Yoghurt Probiotic Superdose Face Mask,Masks,52.0,507,4.503,0.913
P501187,WASO,SHIKULIME Gel-to-Oil Cleanser,Cleansers,28.0,506,4.425,0.905
P454086,Dr. Jart+,Teatreement Cleansing Foam,Cleansers,29.0,504,4.141,0.825
P415620,REN Clean Skincare,Evercalm Ultra Comforting Rescue Mask,Masks,52.0,504,4.516,0.884
P311143,Algenist,SUBLIME DEFENSE Ultra Lightweight UV Defense Fluid SPF 50,Sunscreen,28.0,503,4.408,0.815
P471101,Skinfix,Resurface+ AHA/BHA Niacinamide Exfoliating Pads for Face and Targeted Body,Treatments,50.0,503,4.36,0.883
P429953,Supergoop!,Glow Stick Sunscreen SPF 50 PA++++,Sunscreen,26.0,502,3.659,0.675
P481830,St. Tropez,Self-Tan Luxe Whipped Crème Mousse,Self Tanners,48.0,502,4.633,0.946
P442754,The Ordinary,Ascorbic Acid 8% + Alpha Arbutin 2%,Treatments,12.2,501,3.75,0.669
P503999,Dior,Capture Totale Le Sérum Anti-Aging Serum,Treatments,100.0,500,4.446,0.922
P7365,Murad,Pure Skin Clarifying Dietary Supplement,Wellness,50.0,499,4.07,0.722
P173619,Shiseido,Benefiance WrinkleResist24 Pure Retinol Express Smoothing Eye Mask,Eye Care,70.0,498,4.42,0.86
P503891,innisfree,Green Tea Hyaluronic Acid Hydrating Moisturizer,Moisturizers,29.0,498,4.755,0.968
P472453,Caudalie,Vinosource-Hydra SOS Intense Hydration Moisturizer,Moisturizers,45.0,498,4.062,0.741
P297531,Origins,Eye Doctor Moisture Care For Skin Around Eyes,Eye Care,49.0,496,4.048,0.742
P454799,Moon Juice,Mini SuperYou Daily Stress Management,Mini Size,25.0,496,4.589,0.921
P501188,WASO,SATOCANE Pore Purifying Scrub Mask,Masks,38.0,494,4.573,0.933
P440504,Summer Fridays,R + R Mask,Masks,54.0,493,3.797,0.68
P470509,Augustinus Bader,The Rich Cream with TFC8 Face Moisturizer,Moisturizers,290.0,493,4.231,0.822
P501170,WASO,SHIKULIME Color Control Oil-Free Moisturizer SPF 30,Moisturizers,36.0,490,4.178,0.845
P426080,fresh,Lotus Youth Preserve Rescue Mask,Masks,69.0,490,4.351,0.863
P461177,KORA Organics,Mini Turmeric BHA Pore & Brightening Treatment Mask,Mini Size,18.0,490,4.167,0.788
P433627,KORA Organics,Turmeric BHA Pore & Brightening Treatment Mask,Masks,52.0,490,4.167,0.788
P477985,Drunk Elephant,A-Gloei Retinol Oil,Moisturizers,72.0,489,4.55,0.928
P428668,Wander Beauty,Baggage Claim Eye Masks,Eye Care,26.0,489,4.078,0.779
P394124,Josie Maran,Argan Daily Moisturizer Tinted SPF 47 Protect + Perfect,Sunscreen,38.0,488,4.012,0.772
P502966,MERIT,Great Skin Instant Glow Serum with Niacinamide and Hyaluronic Acid,Treatments,38.0,488,4.639,0.928
P482074,Summer Fridays,Dream Oasis Deep Hydration Serum,Treatments,44.0,487,4.737,0.938
P467248,Fenty Skin,Fat Water Niacinamide Pore-Refining Toner Serum with Barbados Cherry,Cleansers,34.0,486,4.105,0.763
P482741,Shiseido,Urban Environment Oil-Free Mineral Sunscreen Broad-Spectrum SPF 42,Sunscreen,38.0,485,4.307,0.876
P479645,Murad,Targeted Wrinkle Corrector,Treatments,79.0,485,4.72,0.965
P466661,Farmacy,Whipped Greens Oil-Free Foaming Cleanser with Moringa and Papaya,Cleansers,28.0,485,4.573,0.893
P467137,Peter Thomas Roth,Water Drench Hyaluronic Glow Serum,Treatments,72.0,484,4.434,0.895
P501171,WASO,YUZU-C Beauty Sleeping Mask,Masks,38.0,484,4.595,0.944
P457521,Dr. Jart+,Every Sun Day Mineral Sunscreen SPF 50+,Sunscreen,40.0,483,4.437,0.884
P481169,Tatcha,The Silk Sunscreen Mineral Broad Spectrum SPF 50 PA++++ with Hyaluronic Acid and Niacinamide,Sunscreen,62.0,483,3.4,0.563
P391799,fresh,Black Tea Firming Overnight Mask,Masks,96.0,482,4.137,0.823
P384537,Algenist,GENIUS Ultimate Anti-Aging Cream,Moisturizers,112.0,480,4.217,0.762
P414737,tarte,Pearly Girl Vegan Teeth Whitening Pen,High Tech Tools,25.0,479,4.177,0.817
P437981,Herbivore,Emerald Hemp Seed Deep Moisture Glow Oil,Moisturizers,50.0,477,4.329,0.826
P505024,Benefit Cosmetics,The POREfessional Get Unblocked Makeup-Removing Cleansing Oil,Cleansers,39.0,477,4.673,0.95
P457512,REN Clean Skincare,Overnight Glow Dark Spot Sleeping Cream,Moisturizers,55.0,476,4.141,0.815
P429250,Dr. Jart+,Cicapair  Tiger Grass Camo Drops Color Corrector SPF 35,Treatments,48.0,476,4.134,0.782
P443359,Dermalogica,Skin Smoothing Cream Moisturizer,Moisturizers,74.0,475,4.606,0.941
P416564,Biossance,100% Sugarcane Squalane Oil,Moisturizers,34.0,475,4.533,0.868
P479330,LANEIGE,Water Sleeping Mask with Squalane,Masks,32.0,473,4.364,0.863
P438620,SEPHORA COLLECTION,Nourishing Moisturizer with Prebiotics,Moisturizers,18.0,472,4.515,0.898
P505054,Benefit Cosmetics,The POREfessional Speedy Smooth Mask,Masks,39.0,471,4.713,0.97
P500744,SEPHORA COLLECTION,Clean Lip Balm & Scrub,Lip Balms & Treatments,7.0,471,4.505,0.909
P454085,Dr. Jart+,Teatreement Toner,Cleansers,30.0,470,4.255,0.87
P424988,TAN-LUXE,THE FACE Illuminating Self-Tan Drops,Self Tanners,50.0,470,3.987,0.747
P467123,JLo Beauty,That Big Screen Moisturizer with Broad Spectrum SPF 30,Moisturizers,55.0,467,4.143,0.803
P479706,Peter Thomas Roth,Even Smoother Glycolic Retinol Resurfacing Serum,Treatments,65.0,467,4.58,0.942
P482540,Murad,Correct & Protect Broad Spectrum SPF 45| PA++++,Sunscreen,69.0,467,4.737,0.964
P271682,Peter Thomas Roth,Instant FIRMx Temporary Face Tightener,Treatments,49.0,466,3.526,0.529
P470243,Peter Thomas Roth,PRO Strength Microdermabrasion Blackhead Eliminator,Cleansers,68.0,466,4.494,0.942
P196542,CLINIQUE,City Block Sheer Oil-Free Daily Face Protector Broad Spectrum SPF 25 Primer,Sunscreen,30.0,466,4.112,0.8
P455237,alpyn beauty,Melt Moisturizer with Bakuchiol and Squalane,Moisturizers,60.0,465,4.514,0.895
P502761,Lancôme,Advanced Génifique Night Cream with Triple Ceramide Complex,Moisturizers,95.0,463,4.713,0.965
P505020,Benefit Cosmetics,The POREfessional Good Cleanup Foaming Cleanser,Cleansers,29.0,463,4.622,0.952
P471111,Wishful,Yo Detox Charcoal Face & Body Enzyme Scrub,Cleansers,39.0,462,4.755,0.972
P442843,Skinfix,Eczema+ Dermatitis Face Balm,Moisturizers,29.0,462,4.208,0.816
P479362,Youth To The People,Triple Peptide Hydrating + Firming Oasis Serum with Hyaluronic Acid,Treatments,54.0,462,4.506,0.892
P474939,Caudalie,Vinopure Natural Salicylic Acid Pore Minimizing Toner,Cleansers,30.0,460,4.033,0.765
P504071,ILIA,Bright Start Retinol Alternative Brightening Eye Cream,Eye Care,46.0,460,4.391,0.9
P468684,KORA Organics,Milky Mushroom Gentle Cleansing Oil Makeup Remover,Cleansers,44.0,459,4.46,0.889
P474079,Peter Thomas Roth,Goodbye Acne   Complete Acne Treatment Gel,Treatments,44.0,459,4.27,0.908
P377577,CLINIQUE,Moisture Surge Overnight Face Mask,Masks,40.0,458,4.476,0.866
P501176,Estée Lauder,Soft Clean Infusion Hydrating Treatment Lotion,Moisturizers,42.0,456,3.833,0.719
P503668,Skinfix,Barrier+ Triple Lipid + Collagen + Niacinamide Activating Serum,Treatments,69.0,456,4.825,0.982
P482321,Supergoop!,Mini Mineral Sheerscreen Sunscreen SPF 30 PA+++,Sunscreen,22.0,455,3.947,0.741
P442589,SEPHORA COLLECTION,Instant Masks,Masks,8.0,455,3.516,0.633
P470057,Supergoop!,Mineral Sheerscreen Sunscreen SPF 30 PA+++,Sunscreen,38.0,455,3.947,0.741
P500288,Farmacy,1% Vitamin A Retinol Serum,Treatments,60.0,453,4.766,0.974
P500993,Nécessaire,"The Sunscreen - 100% Mineral, Broad Spectrum SPF 30 with 20% Non-Nano Zinc, Hyaluronic Acid and Niacinamide",Sunscreen,25.0,452,4.533,0.907
P442535,SEPHORA COLLECTION,Glow Peel Pads,Treatments,15.0,452,3.996,0.761
P481162,Shiseido,Essential Energy Hydrating Cream,Moisturizers,50.0,452,4.546,0.938
P500471,Gucci,Brume de Beauté Beauty Mist,Moisturizers,78.0,451,4.665,0.942
P392248,Drunk Elephant,Pekee Cleansing Bar,Cleansers,28.0,449,4.463,0.851
P196524,CLINIQUE,Acne Solutions Cleansing Bar For Face and Body,Cleansers,19.5,449,4.354,0.755
P467122,JLo Beauty,That Fresh Take Eye Cream with Peptides,Eye Care,49.0,449,4.156,0.817
P439057,IT Cosmetics,Confidence in a Gel Lotion,Moisturizers,45.0,448,4.583,0.908
P453226,Supergoop!,Bright-Eyed 100% Mineral Eye Cream SPF 40 PA+++,Eye Care,40.0,445,3.604,0.643
P481366,CAY SKIN,Isle Glow Face Moisturizer SPF 45 with Sea Moss and Niacinamide,Sunscreen,34.0,445,4.274,0.838
P448719,Peter Thomas Roth,PRO Strength Lactic Pore Treatment,Treatments,88.0,443,4.578,0.935
P501189,WASO,KOSHIRICE Acne Calming Spot Treatment,Treatments,25.0,443,4.221,0.853
P450262,The INKEY List,Polyhydroxy Acid (PHA) Gentle Exfoliating Toner,Cleansers,12.99,443,4.262,0.858
P407448,St. Tropez,Self Tan Express Bronzing Mousse,Self Tanners,46.0,442,4.111,0.796
P468411,SK-II,SKINPOWER Cream,Moisturizers,255.0,441,4.195,0.823
P479705,Peter Thomas Roth,Even Smoother Glycolic Retinol Resurfacing Peel Pads,Treatments,52.0,441,4.601,0.95
P441220,First Aid Beauty,Ultra Repair Oat & Hemp Seed Dry Oil,Moisturizers,36.0,440,4.355,0.841
P468637,Caudalie,Vinoclean Makeup Removing Cleansing Oil,Cleansers,30.0,439,4.31,0.793
P462390,Peter Thomas Roth,PRO Strength 10% PHA Exfoliating Clarifying Liquid,Treatments,58.0,438,4.384,0.913
P268700,Murad,Hydro-Dynamic Ultimate Moisture,Moisturizers,83.0,438,4.345,0.737
P481340,Dr. Dennis Gross Skincare,Alpha Beta AHA/BHA Daily Cleansing Gel,Cleansers,39.0,436,4.312,0.807
P469506,Paula's Choice,C15 Vitamin C Super Booster,Treatments,55.0,435,4.211,0.809
P464243,Dr. Zenovia Skincare,10% Benzoyl Peroxide Acne Cleanser,Cleansers,30.0,434,4.493,0.926
P442758,The Ordinary,Mandelic Acid 10% + HA,Treatments,7.5,434,4.463,0.901
P466163,Wishful,Thirst Trap Juice Hyaluronic Acid & Peptide Hydrating Facial Serum,Treatments,47.0,434,4.611,0.922
P504007,Dr. Jart+,Ceramidin Skin Barrier Moisturizing Cream,Moisturizers,48.0,433,4.529,0.917
P476415,Skinfix,Acne+ 2% BHA + Azelaic Acid + Niacinamide + AHA Cleanser,Cleansers,35.0,433,4.566,0.917
P473828,Dr. Jart+,Ceramidin  Eye Cream with Niacinamide,Eye Care,40.0,433,4.547,0.938
P479329,Kiehl's Since 1851,Ultra Facial Overnight Hydrating Face Mask with 10.5% Squalane,Masks,45.0,433,4.554,0.928
P375852,SK-II,Pitera Facial Treatment Mask,Masks,145.0,432,4.294,0.765
P442871,The INKEY List,Beta Hydroxy Acid (BHA) Blemish + Blackhead Serum,Treatments,12.99,432,4.086,0.799
P479632,Dr. Jart+,Pore Remedy PHA Exfoliating Serum,Treatments,45.0,431,4.169,0.861
P429529,Dr. Jart+,Sheet Masks,Masks,7.0,431,4.223,0.798
P474340,KORRES,Santorini Grape Velvet Skin Drink,Moisturizers,50.0,430,4.591,0.937
P501028,Drunk Elephant,Ceramighty  AF Eye Cream with Ceramides,Eye Care,60.0,430,4.388,0.874
P470507,Augustinus Bader,The Cream with TFC8 Face Moisturizer,Moisturizers,180.0,430,4.36,0.86
P503693,Drunk Elephant,Bouncy Brightfacial Brightening Mask with 10% Azelaic Acid + 1% Salicylic Acid,Treatments,68.0,428,4.479,0.904
P467247,Fenty Skin,Total Cleans'r Makeup-Removing Cleanser with Barbados Cherry,Cleansers,28.0,427,4.103,0.773
P423142,Dermalogica,Active Moist Moisturizer,Moisturizers,74.0,427,4.602,0.92
P479348,Skinfix,Acne+ 2% BHA and Azelaic Acid Acne Spot Treatment,Treatments,30.0,427,4.632,0.941
P438617,SEPHORA COLLECTION,All Day Hyaluronic Acid Hydrator Moisturizer,Moisturizers,18.0,427,4.567,0.92
P480613,La Mer,The Treatment Lotion,Moisturizers,180.0,424,4.644,0.932
P438618,SEPHORA COLLECTION,Clean Skin Gel Cleanser with Prebiotics,Cleansers,12.0,424,4.618,0.922
P482024,La Mer,Mini The Treatment Lotion,Moisturizers,125.0,424,4.644,0.932
P500019,belif,The True Cream - Aqua Bomb Sunscreen Broad Spectrum SPF 50,Sunscreen,38.0,422,4.528,0.945
P442837,Skinfix,Barrier+ Triple Lipid-Hyaluronate Serum,Treatments,50.0,420,4.638,0.921
P420158,fresh,Vitamin C Glow Moisturizer,Moisturizers,48.0,419,4.241,0.805
P501236,GUERLAIN,Abeille Royale Anti-Aging Double R Advanced Serum,Treatments,240.0,419,4.618,0.943
P460624,Dermalogica,Discover Healthy Skin Kit,Value & Gift Sets,39.5,416,4.627,0.947
P402944,Slip,Silk Pillowcase - Standard/Queen,Wellness,89.0,416,3.99,0.737
P442990,REN Clean Skincare,Clean Screen Mineral SPF 30 Mattifying Face Sunscreen,Sunscreen,40.0,416,3.356,0.529
P426829,IT Cosmetics,Confidence in a Cleanser Hydrating Facial Cleanser Serum,Cleansers,29.0,414,4.476,0.848
P480606,goop,goopglow Cloudberry Exfoliating Jelly Cleanser,Cleansers,35.0,414,4.022,0.809
P469503,Paula's Choice,Mini Skin Perfecting 2% BHA Liquid Exfoliant,Mini Size,13.0,412,4.218,0.83
P481732,REN Clean Skincare,Radiance Vitamin C Glow Serum,Treatments,69.0,412,4.682,0.964
P454837,IT Cosmetics,Confidence in Your Beauty Sleep Night Cream,Moisturizers,58.0,412,4.456,0.881
P482757,TULA Skincare,Mini The Cult Classic Purifying Face Cleanser,Cleansers,12.0,410,3.91,0.737
P475182,TULA Skincare,The Cult Classic Purifying Face Cleanser,Cleansers,34.0,410,3.91,0.737
P435386,Glow Recipe,Mini Watermelon Pink Juice Oil-Free Moisturizer,Mini Size,21.0,410,3.759,0.651
P456192,Prima,Night Magic Restorative Face Oil with Firming Botanicals,Moisturizers,68.0,410,4.349,0.915
P476876,KORA Organics,Berry Bright Firming Vitamin C Eye Cream,Eye Care,58.0,408,4.623,0.922
P469522,Paula's Choice,RESIST Youth-Extending Daily Hydrating Fluid SPF 50,Sunscreen,37.0,407,4.265,0.826
P476730,Sulwhasoo,Mini Gentle Cleansing Oil Makeup Remover,Mini Size,13.0,406,4.453,0.877
P450633,Sulwhasoo,Gentle Cleansing Oil Makeup Remover,Cleansers,40.0,406,4.453,0.877
P435800,Moon Juice,Acid Potion AHA + BHA Resurfacing Exfoliator,Treatments,42.0,405,4.548,0.891
P480285,Caudalie,Premier Cru Dark Circle Correcting Eye Cream,Eye Care,85.0,404,4.614,0.946
P456206,St. Tropez,Self Tan Purity Vitamins Bronzing Water Body Mist,Self Tanners,45.0,402,4.391,0.905
P434361,Origins,High-Potency Night-A-Mins Oil-Free Resurfacing Cream with Fruit Derived AHAs,Moisturizers,52.0,402,4.336,0.842
P392239,Rosebud Perfume Co.,Menthol And Eucalyptus Lip Balm,Lip Balms & Treatments,7.0,401,4.1,0.809
P394826,HUM Nutrition,Flatter Me Digestive Enzyme Supplement,Wellness,26.0,400,4.263,0.858
P475203,TULA Skincare,Mini 24-7 Moisture Hydrating Day & Night Cream,Moisturizers,26.0,400,4.19,0.849
P503721,Peace Out,Salicylic Acid Acne Day Dots,Treatments,19.0,400,4.37,0.888
P475185,TULA Skincare,24-7 Moisture Hydrating Day & Night Cream,Moisturizers,54.0,400,4.19,0.849
P432262,St. Tropez,Self Tan Purity Bronzing Water Face Mist,Self Tanners,33.0,400,3.883,0.725
P270544,Bobbi Brown,Hydrating Eye Cream,Eye Care,58.0,400,4.1,0.841
P475951,innisfree,Green Tea Hyaluronic Acid Hydrating Serum,Treatments,30.0,400,4.6,0.925
P503052,HUM Nutrition,Mini Flatter Me Digestive Enzyme Supplement,Wellness,15.0,400,4.263,0.858
P428816,KORA Organics,Noni Radiant Brightening Eye Oil,Eye Care,42.0,399,3.784,0.662
P440498,Mario Badescu,Drying Lotion,Treatments,17.0,398,4.095,0.784
P462666,Clarins,Total Eye Lift Firming & Smoothing Anti-Aging Eye Cream,Eye Care,90.0,398,4.59,0.922
P444980,Youth To The People,Adaptogen Soothe + Hydrate Activated Mist with Peptides,Moisturizers,42.0,396,4.184,0.793
P282920,CLINIQUE,Pore Refining Solutions Correcting Serum,Treatments,55.0,395,3.871,0.733
P427409,The Ordinary,Vitamin C Suspension 30% in Silicone,Treatments,8.3,395,3.638,0.641
P454387,Supergoop!,Glow Oil Body Sunscreen SPF 50 PA++++,Sunscreen,38.0,394,3.937,0.722
P454388,Supergoop!,Mini Glow Oil SPF 50 PA++++,Mini Size,15.0,394,3.937,0.722
P456994,First Aid Beauty,Eye Duty Niacinamide Brightening Eye Cream,Eye Care,36.0,392,3.673,0.671
P482264,Fenty Skin,Cookies N Clean Whipped Clay Pore Detox Face Mask with Salicylic Acid + Charcoal,Masks,35.0,392,4.684,0.957
P443829,Isle of Paradise,"Glow Clear, Color Correcting Self-Tanning Mousse",Self Tanners,32.0,391,3.432,0.621
P412025,Peter Thomas Roth,Cucumber De-Tox Hydra-Gel Eye Patches,Eye Care,55.0,390,3.967,0.728
P423130,Dermalogica,MultiVitamin Power Recovery Mask,Masks,65.0,390,4.367,0.895
P217932,Lancôme,Crème Radiance Gentle Cleansing Creamy-Foam Cleanser,Cleansers,34.0,390,4.436,0.836
P205614,Shiseido,White Lucent Anti-Dark Circles Eye Cream,Eye Care,65.0,389,3.589,0.59
P427529,Kiehl's Since 1851,Powerful-Strength Vitamin C Serum,Treatments,78.0,389,3.668,0.638
P446419,KORA Organics,Noni Bright 12% Vitamin C Serum,Treatments,73.0,389,4.229,0.835
P471037,iNNBEAUTY PROJECT,Slushy Serum Moisturizer Crush Infused with Bakuchiol,Treatments,30.0,388,4.603,0.902
P481832,St. Tropez,Gradual Tan Watermelon Daily Firming Lotion,Self Tanners,29.0,388,4.325,0.894
P392249,Drunk Elephant,JuJu Exfoliating Bar,Cleansers,28.0,386,4.466,0.828
P456582,Dermalogica,Invisible Physical Defense Mineral Sunscreen SPF30,Sunscreen,48.0,386,4.373,0.881
P9941,Murad,Essential-C Cleanser,Cleansers,44.0,384,4.492,0.867
P503692,Fenty Skin,Plush Puddin’ Intensive Recovery Lip Mask With Pomegranate Sterols + Vitamin E,Lip Balms & Treatments,22.0,384,4.117,0.776
P442867,Kate Somerville,Kx Active Concentrates Bio-Mimicking Peptides Serum,Treatments,98.0,384,4.43,0.898
P482323,Supergoop!,(Re) Setting Refreshing Mist SPF 40,Sunscreen,34.0,382,3.644,0.696
P456193,Prima,The Afterglow Deep Moisturizing Cream with Hyaluronic Acid & Vegan Collagen,Moisturizers,68.0,381,4.53,0.95
P500138,Youth To The People,Polypeptide-121 Future Cream with Peptides and Ceramides,Moisturizers,68.0,381,4.446,0.898
P480192,Summer Fridays,Light Aura Vitamin C + Peptide Eye Cream,Eye Care,42.0,381,4.36,0.85
P2043,Evian,Brumisateur Natural Mineral Water Facial Spray,Moisturizers,14.0,380,4.397,0.875
P463665,Wishful,Get Even Rose Face Oil,Moisturizers,63.0,379,4.396,0.897
P456400,St. Tropez,Double Sided Luxe Tan Applicator Mitt,Self Tanners,9.0,378,4.556,0.905
P464239,Dr. Zenovia Skincare,Aloe Vera Blemish Soothing Moisturizer,Moisturizers,38.0,377,4.581,0.944
P472469,iNNBEAUTY PROJECT,Green Machine Vitamin C + Green Superfoods Jelly Serum,Treatments,34.0,376,4.404,0.854
P374841,CLINIQUE,Even Better Eyes Dark Circle Corrector,Eye Care,44.0,376,3.234,0.393
P467976,Supergoop!,(Re)setting 100% Mineral Powder Sunscreen SPF 35 PA+++,Sunscreen,35.0,374,4.04,0.783
P481697,Dermalogica,Circular Hydration Serum with Hyaluronic Acid,Treatments,64.0,372,4.769,0.981
P475190,TULA Skincare,Rose Glow + Get It Cooling & Brightening Eye Balm,Eye Care,32.0,371,4.075,0.83
P504045,Supergoop!,Daily Dose Bioretinol + Mineral SPF 40 with Bakuchiol,Treatments,46.0,370,4.73,0.97
P467971,REN Clean Skincare,Brightening Dark Circle Eye Cream,Eye Care,51.0,370,4.303,0.87
P480461,Murad,Retinol Youth Renewal Eye Masks,Eye Care,42.0,368,4.62,0.938
P501199,WASO,YUZU-C Eye Awakening Essence,Eye Care,30.0,368,4.432,0.916
P454102,Peter Thomas Roth,PRO Strength Niacinamide Discoloration Treatment,Treatments,88.0,367,4.161,0.796
P504042,Dr. Jart+,Ceramidin Skin Barrier Moisturizing Mask,Masks,9.0,366,4.683,0.964
P415773,CLINIQUE,Pep-Start Daily UV Protector Broad Spectrum SPF 50,Sunscreen,23.0,366,4.243,0.816
P472052,Peace Out,Microneedling Dark Spot Brightening Dots,Treatments,28.0,365,4.044,0.805
P460856,SEPHORA COLLECTION,Clean Eye Mask,Masks,3.5,363,4.171,0.829
P467120,JLo Beauty,That Hit Single Gel-Cream Cleanser,Cleansers,39.0,363,4.099,0.802
P470227,Murad,Vitamin C Triple Exfoliating Facial,Treatments,85.0,362,4.732,0.964
P501178,WASO,YUZU-C Glow-On Shot Serum,Treatments,45.0,361,4.418,0.898
P475124,La Mer,The Hydrating Infused Emulsion,Moisturizers,125.0,360,4.622,0.922
P453928,Murad,Retinol Youth Renewal Eye Serum,Eye Care,89.0,360,4.528,0.917
P415202,Kate Somerville,Wrinkle Warrior 2-in-1 Plumping Moisturizer + Serum,Moisturizers,98.0,359,3.708,0.652
P482681,IT Cosmetics,Bye Bye Makeup 3-in-1 Makeup Melting Cleansing Balm,Cleansers,42.0,359,4.674,0.936
P447596,The Ordinary,100% Organic Cold-Pressed Moroccan Argan Oil,Moisturizers,7.5,358,4.173,0.81
P466114,Caudalie,Resveratrol Lift Instant Firming Retinol Alternative Serum,Treatments,84.0,358,4.578,0.922
P474822,Dermalogica,Daily Glycolic Cleanser,Cleansers,37.0,357,4.784,0.98
P444970,Murad,Replenishing Multi-Acid Peel,Treatments,79.0,357,4.611,0.916
P482325,Supergoop!,Every. Single. Face. Watery Lotion SPF 50,Sunscreen,34.0,356,4.275,0.812
P446909,Supergoop!,Zincscreen 100% Mineral Sunscreen Lotion SPF 40 PA+++,Sunscreen,44.0,355,3.868,0.69
P472810,Dermalogica,Smart Response Serum,Treatments,145.0,354,4.782,0.98
P460701,SEPHORA COLLECTION,Clean Face Mask,Masks,5.5,354,4.124,0.805
P377368,Kate Somerville,D-Scar Scar Diminishing Serum,Treatments,56.0,354,3.904,0.7
P444222,Saint Jane Beauty,Luxury Beauty Serum Calming Treatment,Treatments,125.0,353,4.394,0.844
P456571,Murad,Vitamin C Glycolic Brightening Serum,Treatments,88.0,351,4.262,0.86
P417980,Murad,City Skin Age Defense Broad Spectrum SPF 50 PA++++,Sunscreen,69.0,351,4.322,0.838
P475135,Murad,Mini Vitamin C Glycolic Brightening Serum,Mini Size,30.0,351,4.262,0.86
P500756,First Aid Beauty,10% Vitamin C Brightening Serum,Treatments,50.0,351,4.678,0.957
P457695,Kate Somerville,DeliKate Recovery Cream,Moisturizers,76.0,350,4.497,0.897
P465741,alpyn beauty,Wild Huckleberry 8-Acid Polishing Peel Mask,Masks,56.0,349,4.682,0.94
P470065,Youth To The People,Superclay Purify + Clear Power Mask with Niacinamide,Masks,38.0,349,4.444,0.883
P173652,Shiseido,Bio-Performance Advanced Super Revitalizing Cream,Moisturizers,85.0,347,4.524,0.811
P478029,The INKEY List,Mini Fulvic Acid Brightening Cleanser,Cleansers,5.99,346,4.416,0.887
P447778,The INKEY List,Bakuchiol Retinol Alternative Moisturizer,Treatments,12.99,346,4.038,0.829
P469088,The INKEY List,Fulvic Acid Brightening Cleanser,Cleansers,11.99,346,4.416,0.887
P433456,Peter Thomas Roth,Potent-C Vitamin C Power Eye Cream,Eye Care,68.0,345,4.012,0.768
P458917,Tata Harper,Water-Lock Moisturizer with Skin-Smoothing Peptides,Moisturizers,68.0,344,4.439,0.86
P503814,Dermalogica,Dynamic Skin Retinol Serum,Treatments,92.0,344,4.808,0.98
P504001,Dr. Jart+,Ceramidin Skin Barrier Serum Toner,Cleansers,39.0,344,4.637,0.968
P479903,Herbivore,Mini Phoenix Rosehip Anti-Aging Face Oil - For Dry Skin,Moisturizers,60.0,343,4.417,0.826
P400204,Herbivore,Phoenix Rosehip Anti-Aging Face Oil - For Dry Skin,Moisturizers,88.0,343,4.417,0.826
P504064,Dr. Jart+,Ceramidin Cream-Infused Mask,Masks,15.0,343,4.636,0.968
P481833,Sulwhasoo,Concentrated Ginseng Renewing Cream,Moisturizers,260.0,343,4.478,0.93
P445833,Dermalogica,AGE Bright Clearing Serum,Treatments,75.0,343,4.353,0.895
P474075,Murad,AHA/BHA/Retinoid Daily Clarifying Peel,Treatments,44.0,341,4.739,0.971
P501288,Paula's Choice,C5 Super Boost Vitamin C Eye Cream,Eye Care,39.0,341,4.501,0.903
P407444,Herbivore,Bamboo Charcoal Detoxifying Soap Bar,Cleansers,14.0,341,4.308,0.832
P483138,SEPHORA COLLECTION,Targeted Pores Serum with BHA + PHA,Treatments,20.0,340,4.685,0.959
P455929,Shani Darden Skin Care,Cleansing Serum,Cleansers,38.0,340,4.594,0.924
P503651,OLEHENRIKSEN,Dewtopia 5% AHA Firming Night Crème,Moisturizers,60.0,339,4.832,0.976
P436353,fresh,Mini Rose & Hyaluronic Acid Deep Hydration Toner,Mini Size,26.0,337,4.128,0.783
P472021,DAMDAM,Mochi Mochi Luminous Plumping & Hydrating Moisturizer,Moisturizers,48.0,336,4.67,0.935
P467750,Caudalie,Resveratrol Lift Retinol Alternative Firming Cashmere Moisturizer,Moisturizers,69.0,335,4.645,0.931
P503642,Biossance,Squalane + Vitamin C Rose Brightening Moisturizer,Moisturizers,56.0,335,4.415,0.919
P388200,Algenist,GENIUS Ultimate Anti-Aging Melting Cleanser,Cleansers,38.0,334,4.057,0.759
P453929,Murad,Retinol Youth Renewal Night Cream,Moisturizers,88.0,334,4.608,0.925
P475181,TULA Skincare,Glow + Get It Cooling & Brightening Eye Balm,Eye Care,30.0,334,3.946,0.79
P467647,SEPHORA COLLECTION,Melting Cleansing Balm Cleanse + Balance,Cleansers,12.0,331,3.631,0.647
P479732,The Ordinary,Salicylic Acid 2% Anhydrous Solution Pore Clearing Serum,Treatments,7.2,331,3.846,0.737
P475629,Wishful,Honey Whip Peptide and Collagen Moisturizer,Moisturizers,43.0,331,4.568,0.9
P416923,Youth To The People,Superfood Hydrate + Firm Peptide Eye Cream,Eye Care,38.0,326,3.656,0.61
P457522,Dr. Jart+,Every Sun Day Sun Fluid SPF 50+,Sunscreen,42.0,325,4.422,0.908
P406104,Peter Thomas Roth,24K Gold Pure Luxury Lift & Firm Hydra-Gel Eye Patches,Eye Care,75.0,322,3.742,0.621
P397624,Dr. Jart+,Dermask Micro Jet Clearing Solution,Masks,9.0,322,4.447,0.874
P479633,Dr. Jart+,Pore Remedy Purifying Mud Mask,Masks,9.0,321,4.181,0.841
P459130,Dr. Lara Devgan Scientific Beauty,Hyaluronic Serum,Treatments,245.0,321,4.785,0.941
P462344,Dermalogica,Hydro Masque Exfoliant,Cleansers,64.0,320,4.441,0.894
P432048,Tata Harper,Resurfacing AHA + BHA Serum,Treatments,92.0,320,4.256,0.797
P482008,Isle of Paradise,Self-Tanning Oil Mist,Self Tanners,32.0,319,4.392,0.868
P441323,Glow Recipe,Mini Blueberry Bounce Gentle Cleanser,Mini Size,10.0,318,3.701,0.657
P483137,SEPHORA COLLECTION,Targeted Dark Spots Serum with Enzymes,Treatments,20.0,318,4.645,0.962
P433457,Peter Thomas Roth,Potent-C Vitamin C Targeted Spot Brightener,Treatments,62.0,318,4.343,0.899
P455924,La Mer,The Eye Concentrate Cream,Eye Care,260.0,318,4.053,0.774
P423150,Dermalogica,Multi-Active Toner,Cleansers,43.0,317,4.401,0.886
P482329,Youth To The People,Retinal + Niacinamide Youth Serum,Treatments,69.0,317,4.587,0.94
P453826,Lancôme,Rénergie Lift Multi-Action Ultra Dark Spot Correcting Cream SPF 30,Moisturizers,135.0,317,4.691,0.956
P443351,Dermalogica,Mini Multi-Active Toner,Mini Size,13.0,317,4.401,0.886
P467652,SEPHORA COLLECTION,Lip Sleeping Mask,Lip Balms & Treatments,5.0,316,3.554,0.633
P397310,Dr. Brandt Skincare,PoreDermabrasion Pore Perfecting Exfoliator,Cleansers,59.0,316,4.244,0.872
P446422,Kiehl's Since 1851,Avocado Nourishing Hydration Mask,Masks,48.0,314,3.908,0.752
P503913,Kiehl's Since 1851,Ultra Facial Advanced Repair Barrier Cream,Moisturizers,48.0,314,4.758,0.968
P467111,Dermalogica,Retinol Acne Clearing Oil,Moisturizers,86.0,314,4.398,0.901
P455242,Summer Fridays,Super Amino Gel Cleanser,Cleansers,35.0,313,4.086,0.754
P421600,Herbivore,Jasmine Green Tea Oil Control Toner,Cleansers,39.0,313,4.077,0.738
P444226,Farmacy,Honey Grail Ultra-Hydrating Face Oil,Moisturizers,48.0,312,4.231,0.795
P482692,LANEIGE,Water Bank Blue Hyaluronic Serum,Treatments,45.0,311,4.736,0.945
P423123,Dermalogica,Daily Superfoliant Exfoliator,Cleansers,65.0,309,4.563,0.939
P450244,The INKEY List,Ceramide Hydrating Night Treatment,Treatments,15.99,308,4.292,0.873
P467118,JLo Beauty,That Limitless Glow Sheet Mask,Masks,49.0,307,4.013,0.765
P4032,Murad,Hydrating Toner,Cleansers,42.0,307,4.277,0.677
P459128,Dr. Lara Devgan Scientific Beauty,Vitamin C+B+E Ferulic Serum,Treatments,145.0,307,4.824,0.958
P422013,Kiehl's Since 1851,Calendula Deep Clean Foaming Face Wash,Cleansers,38.0,307,4.495,0.88
P434550,Murad,Revitalixir Recovery Serum,Treatments,97.0,306,4.369,0.886
P411254,Dr. Brandt Skincare,MAGNETIGHT Age-Defier Mask,Masks,75.0,306,3.922,0.732
P470221,Kiehl's Since 1851,Milk-Peel Gentle Exfoliating Toner,Cleansers,60.0,305,4.682,0.941
P474825,Dr. Dennis Gross Skincare,Advanced Retinol + Ferulic Triple Correction Eye Serum,Eye Care,71.0,304,4.497,0.891
P460514,LANEIGE,Cream Skin Milk Oil Cleanser,Cleansers,34.0,304,4.375,0.855
P430818,tarte,SEA Mermaid Skin Hyaluronic H2O Serum,Treatments,15.0,302,4.109,0.775
P469537,Sulwhasoo,Bestsellers Trial Kit,Value & Gift Sets,58.0,302,4.702,0.944
P454100,Herbivore,Prism AHA + BHA Exfoliating Glow Facial,Treatments,58.0,302,4.262,0.818
P432823,Mount Lai,Gua Sha Facial Lifting Tool,High Tech Tools,30.0,302,4.142,0.798
P464245,Dr. Zenovia Skincare,Bakuchiol Hydrating Cleanser,Cleansers,42.0,301,4.498,0.92
P483664,Kiehl's Since 1851,Midnight  Recovery Omega-Rich Cloud Cream,Moisturizers,60.0,300,4.513,0.9
P440482,Mario Badescu,"Facial Spray with Aloe, Herbs and Rosewater",Moisturizers,7.0,300,3.77,0.7
P474332,IT Cosmetics,Bye Bye Lines 1.5% Hyaluronic Acid Serum,Treatments,29.0,300,4.403,0.917
P504429,SEPHORA COLLECTION,Hydrating Serum,Treatments,20.0,300,4.81,0.983
P504421,SEPHORA COLLECTION,Overnight Hydrating Mask,Masks,16.0,300,4.81,0.983
P449188,Farmacy,Green Defense Daily Mineral Sunscreen SPF 30,Sunscreen,36.0,300,3.977,0.727
P501581,Fenty Skin,Cocoa Cleans'r Soothing All-Over Cleansing Bar,Cleansers,14.0,300,4.177,0.837
P482269,Josie Maran,Get Even Sun Milk SPF 33,Sunscreen,46.0,299,4.712,0.953
P469118,Dermalogica,Melting Moisture Mask,Masks,69.0,299,4.689,0.96
P430903,MILK MAKEUP,Watermelon Brightening Serum,Treatments,36.0,299,3.726,0.676
P409630,tarte,SEA Pack Your Bags Undereye Patches,Eye Care,22.0,298,4.178,0.846
P380000,Estée Lauder,"DayWear Advanced Multi-Protection Anti-Oxidant Moisturizer, Normal/Combination",Moisturizers,36.0,298,4.315,0.895
P500894,Fenty Skin,Fat Water Hydrating Milky Toner Essence with Hyaluronic Acid + Tamarind,Moisturizers,34.0,298,4.641,0.96
P467630,Lancôme,Rénergie Lift Multi-Action Ultra Dark Circle Correcting Eye Cream,Eye Care,82.0,298,4.638,0.926
P467617,Dr. Zenovia Skincare,Clear Complexion Acne Solutions System,Value & Gift Sets,35.0,297,4.508,0.923
P435209,Dr. Brandt Skincare,Radiance Resurfacing Foam,Treatments,72.0,297,4.448,0.933
P455900,The Ordinary,100% Plant-Derived Hemi-Squalane,Treatments,5.0,296,4.399,0.868
P455365,The INKEY List,"Vitamin B, C, and E Moisturizer",Moisturizers,7.99,296,4.135,0.794
P454389,Supergoop!,PLAY Antioxidant Body Sunscreen Mist SPF 50 PA++++,Sunscreen,21.0,294,3.905,0.593
P480447,iNNBEAUTY PROJECT,10 + 10 Moisturizer with 10% Vitamin C + 10% Peptide Complex + Ceramides,Moisturizers,35.0,294,4.575,0.912
P501321,Saint Jane Beauty,Luxury Sun Ritual Pore Smoothing Sunscreen SPF 30,Sunscreen,38.0,293,4.833,0.973
P504639,OLEHENRIKSEN,Banana Bright+ Vitamin CC Eye Sticks,Eye Care,34.0,293,4.515,0.891
P501282,Paula's Choice,C5 Super Boost Vitamin C Moisturizer,Moisturizers,45.0,293,4.7,0.969
P436891,Herbivore,Jade De-Puffing Face Roller,Wellness,32.0,292,3.548,0.64
P460513,LANEIGE,Cream Skin Mist,Moisturizers,27.0,292,4.575,0.89
P443838,The INKEY List,Glycolic Acid Exfoliating Toner,Cleansers,12.99,291,4.392,0.883
P423254,Peter Thomas Roth,Water Drench Hyaluronic Cloud Hydra-Gel Eye Patches,Eye Care,55.0,291,4.062,0.766
P456572,Murad,Vitamin C Dark Circle Correcting Eye Serum,Eye Care,67.0,291,4.069,0.801
P500618,KORA Organics,Turmeric Glow Foaming Cleanser,Cleansers,44.0,290,4.61,0.921
P455894,First Aid Beauty,Ultra Repair Oil-Control Moisturizer,Moisturizers,36.0,289,4.239,0.82
P472302,alpyn beauty,Wild Nettle & Niacinamide Instant Firming Serum,Treatments,58.0,288,4.757,0.958
P474333,IT Cosmetics,Bye Bye Pores 10% Glycolic Acid Serum,Treatments,29.0,288,4.313,0.885
P474330,IT Cosmetics,Bye Bye Dark Spots 4% Niacinamide Serum,Treatments,29.0,287,4.254,0.861
P464241,Dr. Zenovia Skincare,5% Benzoyl Peroxide Acne Spot Treatment,Treatments,25.0,287,4.404,0.916
P474826,Dr. Dennis Gross Skincare,Advanced Retinol + Ferulic Texture Renewal Serum,Treatments,76.0,286,4.462,0.899
P439927,Kate Somerville,Liquid ExfoliKate Triple Acid Resurfacing Treatment,Treatments,72.0,282,4.372,0.876
P294018,Koh Gen Do,Cleansing Spa Water Cloths,Cleansers,23.0,281,4.477,0.788
P456988,Isle of Paradise,Own Your Glow Kit,Value & Gift Sets,35.0,280,3.771,0.714
P504044,Josie Maran,Pro-Retinol Megamoisture Face Cream,Moisturizers,54.0,279,4.753,0.971
P457510,HUM Nutrition,Private Party: Supports Vaginal & Urinary Tract Health,Wellness,26.0,278,4.673,0.96
P397623,Dr. Jart+,Dermask Water Jet Vital Hydra Solution,Masks,7.0,278,4.54,0.892
P467251,Fenty Skin,Fenty Skin Travel Size Start'r Set,Value & Gift Sets,45.0,278,4.065,0.799
P448181,DERMAFLASH,DERMAPORE Ultrasonic Pore Extractor & Serum Infuser,High Tech Tools,99.0,278,3.615,0.64
P201439,CLINIQUE,Redness Solutions Soothing Cleanser,Cleansers,26.5,278,4.158,0.78
P469439,Biossance,Squalane+ Rose Vegan Lip Balm,Lip Balms & Treatments,16.0,278,3.871,0.691
P476731,Sulwhasoo,Mini Gentle Cleansing Foam Hydrating Makeup Remover,Mini Size,12.0,277,4.563,0.921
P475194,TULA Skincare,Brightening Treatment Drops Triple Vitamin C Serum,Treatments,56.0,277,4.245,0.859
P450632,Sulwhasoo,Gentle Cleansing Foam Hydrating Makeup Remover,Cleansers,38.0,277,4.563,0.921
P505049,Skinfix,barrier+ Triple Lipid + Collagen Brightening Eye Treatment,Eye Care,54.0,277,4.801,0.982
P244701,CLINIQUE,Acne Solutions Oil-Control Cleansing Mask,Masks,29.0,277,4.477,0.875
P402014,Sunday Riley,Blue Moon Clean-Rinse Cleansing Balm,Cleansers,50.0,276,4.272,0.719
P482061,Peter Thomas Roth,Max Clear Invisible Priming Sunscreen Broad Spectrum SPF 45,Sunscreen,38.0,276,4.475,0.877
P404794,MILK MAKEUP,Hydrating Oil Stick,Moisturizers,32.0,276,3.848,0.68
P479340,Peace Out,Retinol Face Stick,Treatments,34.0,274,4.522,0.909
P479692,Dermalogica,Awaken Peptide Depuffing Eye Gel,Eye Care,59.0,273,4.703,0.952
P475086,Dermalogica,BioLumin-C Vitamin-C Gel Moisturizer,Moisturizers,69.0,271,4.638,0.948
P482006,innisfree,Dewy Glow Moisturizer with Cherry Blossom & Niacinamide,Moisturizers,26.0,271,4.384,0.856
P439643,CLINIQUE,Clinique iD Custom-Blend Hydrator Collection,Moisturizers,41.0,271,3.631,0.661
P475159,REN Clean Skincare,Evercalm Redness Relief Serum,Treatments,60.0,271,4.399,0.897
P504433,Paula's Choice,Pro Collagen Multi-Peptide Booster,Treatments,58.0,270,4.707,0.967
P122727,CLINIQUE,Repairwear Anti-Gravity Eye Cream,Eye Care,54.0,269,4.16,0.8
P459129,Dr. Lara Devgan Scientific Beauty,Peptide Eye Cream,Eye Care,215.0,268,4.817,0.963
P385631,CLINIQUE,"Great Skin, Great Deal Set for Combination Oily Skin",Value & Gift Sets,32.5,268,4.332,0.868
P424378,Drunk Elephant,Mini Virgin Marula LuxuryFace Oil,Moisturizers,38.0,267,4.24,0.824
P479351,Supergoop!,Daily Dose Hydra-Ceramide Boost + SPF 40 Sunscreen Oil PA+++,Moisturizers,46.0,267,4.378,0.861
P468640,COOLA,Full Spectrum 360º Refreshing Water Cream Organic Face Sunscreen SPF 50,Sunscreen,48.0,267,4.581,0.936
P504309,ROSE INC,Solar Power Luminous SPF 30 Brightening Serum,Treatments,46.0,267,4.442,0.891
P464234,Dr. Zenovia Skincare,Advanced Retinol Night Repair Treatment,Treatments,72.0,267,4.502,0.925
P502326,Dermalogica,Dynamic Skin Recovery SPF50 Moisturizer,Sunscreen,79.0,266,4.808,0.977
P454095,REN Clean Skincare,Perfect Canvas Clean Jelly Oil Cleanser,Cleansers,37.0,266,4.026,0.748
P429954,Tata Harper,Clarifying Blemish & Oil Control Cleanser,Cleansers,88.0,266,3.944,0.737
P462747,Tata Harper,Mini Clarifying Blemish & Oil Control Cleanser,Mini Size,46.0,266,3.944,0.737
P469510,Paula's Choice,CLINICAL 1% Retinol Treatment,Treatments,62.0,264,4.553,0.902
P9939,Murad,Essential-C Toner,Cleansers,42.0,263,4.316,0.809
P470058,Supergoop!,Glowscreen Body Sunscreen SPF 40 PA+++,Sunscreen,42.0,262,4.439,0.878
P484067,REN Clean Skincare,Evercalm Barrier Support Face Oil,Moisturizers,60.0,262,4.84,0.985
P455613,alpyn beauty,Line-Filling Eye Cream with Bakuchiol and Caffeine,Eye Care,62.0,262,4.321,0.817
P122782,CLINIQUE,Repairwear Intensive Lip Treatment,Lip Balms & Treatments,31.5,261,4.28,0.789
P501781,Peace Out,Instant Pore Perfector,Treatments,28.0,260,4.581,0.908
P464235,Dr. Zenovia Skincare,Inflam-Aging Night Repair Treatment,Treatments,72.0,260,4.477,0.946
P417867,Tatcha,The Silk Cream,Moisturizers,125.0,260,4.188,0.767
P462891,Origins,GinZing Into the Glow Brightening Serum,Treatments,46.0,259,4.533,0.907
P503747,CLINIQUE,Take The Day Off Charcoal Cleansing Balm Makeup Remover,Cleansers,38.0,258,4.55,0.95
P433143,Murad,Outsmart Acne Clarifying Treatment,Treatments,49.0,258,4.19,0.826
P500716,Algenist,10 Day Results Kit,Value & Gift Sets,88.0,258,4.802,0.981
P480629,Peace Out,Dark Spots Serum,Treatments,29.0,257,4.218,0.844
P483692,Sulwhasoo,Essential Comfort Firming Cream,Moisturizers,120.0,257,4.502,0.883
P483708,Sulwhasoo,Mini Essential Comfort Firming Cream,Moisturizers,28.0,257,4.502,0.883
P478731,Shani Darden Skin Care,Lactic Acid AHA Exfoliating Serum,Treatments,88.0,255,4.631,0.945
P442752,The Ordinary,"""Buffet"" + Copper Peptides 1%",Treatments,30.9,255,4.18,0.8
P461667,ONE/SIZE by Patrick Starrr,Mini GO OFF Makeup Dissolving Mist,Mini Size,18.0,255,4.169,0.804
P296413,Algenist,Gentle Rejuvenating Cleanser,Cleansers,28.0,255,4.247,0.707
P467973,Shani Darden Skin Care,Intensive Eye Renewal Cream with Firming Peptides,Eye Care,68.0,254,4.209,0.807
P481096,Herbivore,Nova 15% Vitamin C + Turmeric Brightening Serum,Treatments,65.0,253,4.494,0.877
P447785,Dr. Barbara Sturm,Eye Cream,Eye Care,145.0,253,3.822,0.723
P91627362,ONE/SIZE by Patrick Starrr,GO OFF Makeup Dissolving Mist,Cleansers,24.0,252,4.175,0.806
P501190,Dr. Dennis Gross Skincare,Vitamin C Lactic Dewy Deep Cream,Moisturizers,75.0,252,4.794,0.956
P471039,iNNBEAUTY PROJECT,Pimple Paste Overnight Blemish Drying Paste,Treatments,17.0,252,4.167,0.825
P501243,goop,GOOPGLOW Exfoliating Dark Spot Sleep Serum,Treatments,98.0,251,4.06,0.805
P458546,LAWLESS,Set The Stage Hydrating Primer Serum,Treatments,32.0,251,4.598,0.924
P420143,Tata Harper,Clarifying AHA + BHA Mask,Masks,75.0,250,3.916,0.714
P504028,The Ordinary,Multi-Peptide Eye Serum,Eye Care,25.0,249,3.988,0.815
P38217,Murad,Renewing Cleansing Cream,Cleansers,45.0,249,4.454,0.862
P500098,Community Sixty-Six,Makeup Melting Balm Cleanser,Cleansers,16.0,248,3.403,0.589
P107306,Murad,Renewing Eye Cream,Eye Care,89.0,248,4.028,0.709
P442753,The Ordinary,Argireline Solution 10%,Treatments,9.4,247,4.198,0.818
P474824,Dr. Dennis Gross Skincare,Advanced Retinol + Ferulic Overnight Wrinkle Treatment,Treatments,87.0,247,4.729,0.968
P435975,Charlotte Tilbury,Mini Charlotte's Magic Cream,Moisturizers,30.0,246,3.667,0.638
P483658,First Aid Beauty,Mineral Sunscreen Zinc Oxide Broad Spectrum SPF 30,Sunscreen,28.0,246,4.488,0.911
P405826,HUM Nutrition,Raw Beauty Skin & Energy Green Superfood Powder,Wellness,39.0,245,4.192,0.818
P480160,Caudalie,Premier Cru Anti Aging Cream Moisturizer with Hyaluronic Acid,Moisturizers,129.0,245,4.641,0.931
P442757,The Ordinary,"""B"" Oil",Moisturizers,11.1,245,4.229,0.82
P469530,Peace Out,Blemish Balm Cleanser,Cleansers,22.0,245,4.559,0.914
P379907,Algenist,Advanced Anti-Aging Repairing Oil,Moisturizers,82.0,244,4.467,0.966
P417984,CLINIQUE,Moisture Surge Hydrating Supercharged Concentrate,Moisturizers,44.0,244,4.025,0.733
P455899,The Ordinary,Marine Hyaluronics,Treatments,8.9,244,4.209,0.791
P473725,SEPHORA COLLECTION,Resurfacing Peel Mask,Treatments,18.0,243,4.811,0.975
P500114,Community Sixty-Six,Retinol Resurfacing Night Moisturizer,Moisturizers,35.0,243,4.066,0.811
P442850,Skinfix,Redness Recovery+ Antioxidant Redness Treatment Overnight Mask,Masks,52.0,242,4.161,0.806
P433453,FOREO,LUNA fofo,High Tech Tools,89.0,241,2.888,0.456
P400205,Herbivore,Orchid Antioxidant Beauty Face Oil - For Combination Skin,Moisturizers,74.0,241,4.353,0.803
P503992,MARA,Chia + Moringa Algae Enzyme Cleansing Oil,Cleansers,58.0,241,4.88,0.983
P500094,Community Sixty-Six,Hydrating Oil-Free Gel Moisturizer,Moisturizers,25.0,241,4.124,0.817
P462339,Bobbi Brown,Vitamin Enriched Eye Base,Eye Care,58.0,241,4.639,0.909
P472057,SEPHORA COLLECTION,Vegan Makeup Remover and Cleansing Brush,High Tech Tools,14.0,241,4.365,0.859
P503197,alpyn beauty,Juneberry & Collagen Hydrating Cold Cream Cleanser,Cleansers,39.0,240,4.879,0.971
P379711,Tata Harper,Rejuvenating Anti-Aging Serum,Treatments,146.0,240,3.417,0.538
P471227,Caudalie,Vinoperfect Brightening Glycolic Night Cream,Moisturizers,69.0,240,4.467,0.867
P398761,Dr. Dennis Gross Skincare,Alpha Beta Ultra Gentle Daily Peel Pads for Sensitive Skin,Treatments,20.0,239,4.339,0.847
P429662,Dr. Brandt Skincare,pores no more Vacuum Cleaner Pore Purifying Mask,Masks,44.0,239,3.887,0.749
P469519,Paula's Choice,RESIST Advanced Replenishing Toner with Hyaluronic Acid,Cleansers,26.0,238,4.731,0.95
P427405,The Ordinary,Matrixyl* 10% + HA,Treatments,10.5,238,4.319,0.861
P458724,SEPHORA COLLECTION,Metal Facial Razor,High Tech Tools,18.0,238,4.475,0.891
P457442,SEPHORA COLLECTION,Face Serum,Treatments,9.0,238,3.324,0.597
P462829,Biossance,Squalane + Elderberry Nourishing Jelly Cleanser,Cleansers,28.0,237,3.641,0.624
P296415,Algenist,Overnight Restorative Cream,Moisturizers,94.0,236,4.377,0.68
P232327,CLINIQUE,Broad Spectrum SPF 50 Sunscreen Face Cream,Sunscreen,30.0,235,3.966,0.589
P503867,LANEIGE,Retinol Firming Cream Treatment with Peptides + Hyaluronic Acid,Treatments,39.0,234,4.581,0.979
P501169,Dr. Dennis Gross Skincare,Vitamin C Lactic 15% Firm & Bright Serum,Treatments,85.0,234,4.526,0.876
P433973,Naturally Serious,Get Even Cold-Pressed Peel Pads,Treatments,32.0,230,4.722,0.948
P503827,Summer Fridays,Midnight Ritual Retinol Renewal Serum,Treatments,69.0,229,4.751,0.952
P481748,TULA Skincare,Bright Start Vitamin C Antioxidant Brightening Moisturizer,Moisturizers,56.0,229,4.406,0.926
P474326,Herbivore,Pink Cloud Soft Moisture Cream,Moisturizers,46.0,229,3.786,0.655
P461935,FOREO,BEAR Facial Toning Device,High Tech Tools,329.0,229,4.424,0.917
P392945,Algenist,GENIUS Ultimate Anti-Aging Vitamin C+ Serum,Treatments,118.0,229,3.983,0.729
P442759,The Ordinary,Amino Acids + B5,Treatments,8.9,228,4.412,0.864
P405944,Shiseido,Ultra Sun Protection Lotion Broad Spectrum SPF 50+ WetForce for Sensitive Skin & Children,Sunscreen,42.0,227,3.176,0.443
P443837,The INKEY List,Kaolin Mask,Masks,7.49,227,4.308,0.85
P423135,Dermalogica,Super Rich Repair Moisturizer,Moisturizers,94.0,226,4.659,0.951
P468396,Origins,PLANTSCRIPTION Multi-powered Anti-Aging Peptide Serum,Treatments,61.0,226,4.438,0.898
P483127,iNNBEAUTY PROJECT,Retinol Remix 1% Retinol Treatment With Peptide & Tranexamic Acid,Treatments,48.0,225,4.756,0.964
P422257,Kiehl's Since 1851,Midnight Recovery Botanical Cleansing Oil,Cleansers,35.0,225,4.289,0.816
P500039,Nécessaire,The Neck Serum - With 5 Peptides | 9% Peptide Blend,Moisturizers,60.0,225,4.689,0.947
P477492,alpyn beauty,Triple Vitamin C Brightening Bounce Cream Moisturizer,Moisturizers,49.0,225,4.542,0.924
P6028,Caudalie,Gentle Buffing Cream,Cleansers,35.0,224,4.286,0.759
P469862,Freck Beauty,Rich Bitch Cactus + Vitamin C Moisturizer,Moisturizers,34.0,223,4.381,0.87
P122876,CLINIQUE,Clarifying Lotion 4,Cleansers,20.0,222,4.374,0.821
P270543,Bobbi Brown,Hydrating Face Cream Moisturizer,Moisturizers,66.0,222,4.216,0.885
P440937,Kiehl's Since 1851,Cannabis Sativa Seed Oil Herbal Concentrate (Hemp-Derived),Moisturizers,55.0,222,4.14,0.793
P503690,Peter Thomas Roth,Water Drench Hyaluronic Cloud Rich Barrier Moisturizer,Moisturizers,58.0,222,4.752,0.955
P474971,Peace Out,Daily Blemish Repairing Moisturizer,Moisturizers,28.0,221,4.262,0.86
P475932,EADEM,Milk Marvel Dark Spot Serum with Niacinamide and Vitamin C,Treatments,68.0,221,4.434,0.864
P481367,CAY SKIN,Isle Lip Balm SPF 30 with Sea Moss and Aloe Stem Cells,Lip Balms & Treatments,14.0,221,4.063,0.756
P453713,HUM Nutrition,Collagen POP + Vitamin C Dissolvable Tablets,Wellness,12.0,220,4.345,0.882
P479353,The INKEY List,Hyaluronic Acid Cleanser,Cleansers,10.99,220,4.159,0.827
P469511,Paula's Choice,CLINICAL Niacinamide 20% Treatment,Treatments,52.0,220,4.532,0.886
P428240,Dermalogica,Calm Water Gel Moisturizer,Moisturizers,55.0,219,4.356,0.877
P479352,Tatcha,The Texture Tonic AHA Liquid Exfoliating Treatment,Treatments,62.0,219,4.648,0.936
P500244,Peter Thomas Roth,FIRMx Collagen Face & Eye Hydra-Gel Patches,Eye Care,65.0,218,4.688,0.94
P474325,Herbivore,Aquarius Pore Purifying BHA Cream,Moisturizers,46.0,216,4.287,0.824
P482529,Estée Lauder,Micro Essence Treatment Lotion with Bio-Ferment,Moisturizers,130.0,216,4.056,0.778
P501213,Biossance,Squalane + Retinol Night Serum,Treatments,72.0,216,4.468,0.94
P469507,Paula's Choice,10% Azelaic Acid Booster,Treatments,39.0,216,4.755,0.958
P481335,RANAVAT,Brightening Saffron Serum - Radiant Rani,Treatments,135.0,216,4.782,0.94
P407387,HUM Nutrition,Beauty zzZz Sleep Support Supplement with Melatonin,Wellness,10.0,215,4.153,0.801
P232902,Kate Somerville,Gentle Daily Wash,Cleansers,44.0,215,4.172,0.833
P282935,Algenist,Regenerative Anti-Aging Moisturizer,Moisturizers,94.0,215,4.298,0.609
P432831,Moon Juice,Plump Jelly Hyaluronic Serum,Treatments,58.0,215,4.26,0.8
P476028,Summer Fridays,Heavenly Sixteen All-In-One Face Oil,Moisturizers,55.0,214,4.453,0.855
P480284,Caudalie,Premier Cru Anti-Aging Serum with Niacinamide and Hyaluronic Acid,Treatments,139.0,212,4.75,0.981
P386739,Tata Harper,Restorative Plumping + Brightening Eye Cream,Eye Care,130.0,210,4.095,0.788
P482552,Tatcha,The Clarifying Clay Mask Exfoliating Pore Treatment,Masks,70.0,209,4.632,0.928
P504644,PROVEN Skincare,"Personalized Cleanser, SPF Day Moisturizer, Night Cream Set",Value & Gift Sets,169.99,209,4.34,0.833
P500055,KORA Organics,Active Algae Lightweight Moisturizer,Moisturizers,48.0,209,4.679,0.919
P500112,HABIT,N°41 Facial Sunscreen Mist with SPF 41,Sunscreen,30.0,209,4.488,0.866
P471033,Herbivore,CLOUD JELLY Plumping Hydration Serum,Treatments,50.0,209,4.388,0.847
P469818,Freck Beauty,Cactus Water Cleansing Lactic Acid Toner,Cleansers,32.0,208,4.529,0.923
P449541,Kiehl's Since 1851,Pure Vitality Skin Renewing Cream,Moisturizers,75.0,207,4.314,0.879
P474809,Algenist,Blue Algae Vitamin C Skinclarity Brightening Serum,Treatments,72.0,207,4.609,0.918
P385253,Origins,Dr. Andrew Weil For Origins Mega-Bright SPF 30 Skin Tone Correcting Oil-Free Moisturizer,Moisturizers,63.0,207,4.097,0.77
P448201,Shiseido,Benefiance Wrinkle Smoothing Day Cream SPF 23,Moisturizers,75.0,207,4.512,0.884
P504043,OLEHENRIKSEN,Hydrabarrier Nourishing Face Oil,Moisturizers,58.0,206,4.816,0.966
P483136,SEPHORA COLLECTION,Targeted Anti-Aging Bakuchiol Serum,Treatments,20.0,206,4.597,0.942
P455898,The Ordinary,Pycnogenol 5%,Treatments,11.1,206,4.524,0.898
P475084,Clarins,Extra-Firming Energy + Radiance Boosting Moisturizer,Moisturizers,93.0,205,4.341,0.883
P420230,tarte,Pout Prep Lip Exfoliant,Lip Balms & Treatments,16.0,205,4.102,0.759
P416552,Algenist,POWER Recharging Night Pressed Serum,Treatments,95.0,205,4.385,0.838
P423134,Dermalogica,MultiVitamin Power Firm Eye Cream,Eye Care,69.0,204,4.176,0.833
P481354,RANAVAT,Renewing Bakuchi Crème - Eternal Reign,Moisturizers,95.0,204,4.368,0.877
P501030,LANEIGE,Radian-C Brightening Treatment Essence,Moisturizers,39.0,203,4.7,0.995
P471038,iNNBEAUTY PROJECT,Glaze Lip Oil,Lip Balms & Treatments,17.0,202,4.416,0.842
P438637,BeautyBio,Bright Eyes Collagen-Infused Brightening Colloidal Silver Eye Masks,Eye Care,40.0,202,4.059,0.787
P455338,The Ordinary,100% L-Ascorbic Acid Powder,Treatments,6.4,202,4.332,0.851
P470040,Kiehl's Since 1851,Ultra Facial Oil-Free Gel Cream,Moisturizers,38.0,201,4.488,0.896
P473729,SEPHORA COLLECTION,Vitamin Mask,Masks,10.0,201,4.483,0.861
P505139,Dermalogica,Phyto Nature Oxygen Cream,Moisturizers,125.0,200,4.83,0.995
P469520,Paula's Choice,RESIST Perfectly Balanced Foaming Cleanser,Cleansers,22.0,200,4.73,0.945
P505160,La Mer,The Moisturizing Soft Cream Moisturizer,Moisturizers,380.0,200,4.48,0.89
P423127,Dermalogica,Ultracalming Cleanser,Cleansers,42.0,199,4.452,0.899
P503250,Fenty Skin,Watch Ya Tone 5% Niacinamide Dark Spot Serum with Vitamin C,Treatments,42.0,199,4.583,0.935
P417241,La Mer,The Renewal Oil,Moisturizers,270.0,199,4.422,0.882
P476459,The Nue Co.,Forest Lungs Anti-Stress Fragrance Travel Spray,Wellness,30.0,199,4.236,0.804
P472023,DAMDAM,Nomad’s Cream Purifying & Exfoliating AHA Cleanser,Cleansers,38.0,198,4.793,0.97
P432243,CLINIQUE,Blackhead Solutions Self-heating Blackhead Extractor,Cleansers,32.0,198,3.086,0.495
P392607,Peter Thomas Roth,24K Gold Mask Pure Luxury Lift & Firm,Masks,85.0,197,3.487,0.596
P479722,The INKEY List,Mandelic Acid Treatment,Treatments,11.99,197,4.457,0.904
P482753,TULA Skincare,Protect + Glow Daily Sunscreen Gel Broad Spectrum SPF 30,Sunscreen,38.0,197,4.426,0.883
P472025,DAMDAM,Silk Rice Makeup-Removing Cleansing Oil,Cleansers,46.0,196,4.76,0.949
P122651,CLINIQUE,Clarifying Lotion 1,Cleansers,20.0,196,4.515,0.868
P473133,Naturally Serious,Fruit-Tox Resurfacing Facial Remedy,Treatments,27.0,196,4.602,0.939
P500420,Augustinus Bader,The Light Cream,Moisturizers,180.0,195,4.323,0.892
P424989,TAN-LUXE,THE BODY Illuminating Self-Tan Drops,Self Tanners,60.0,195,4.19,0.81
P474329,iNNBEAUTY PROJECT,Face Glaze Skin Barrier Protect & Glow Moisturizer,Moisturizers,25.0,194,4.624,0.923
P480628,Paula's Choice,10% Niacinamide Booster,Treatments,49.0,194,4.753,0.964
P473172,REN Clean Skincare,Glow Daily Vitamin C Gel Cream,Moisturizers,54.0,194,4.582,0.938
P416312,Skin Laundry,Gentle Foaming Face Wash,Cleansers,20.0,194,4.253,0.79
P421997,Kiehl's Since 1851,Calendula Herbal Extract Alcohol Free Toner,Cleansers,47.0,194,4.222,0.769
P500329,Kosas,Plump + Juicy Lip Booster Buttery Treatment,Lip Balms & Treatments,25.0,194,4.294,0.83
P470217,Dr. Brandt Skincare,Liquid Sun Shield Daily Brightening Mineral Sunscreen SPF 50,Sunscreen,67.0,193,4.259,0.829
P455623,BeautyBio,The ZenBubble Gel Cream,Moisturizers,69.0,193,4.404,0.881
P456194,Clarins,Extra-Firming + Smoothing Neck & Décolleté Moisturizer,Moisturizers,96.0,193,4.653,0.953
P432239,Kiehl's Since 1851,Buttermask Intense Repair Lip Treatment,Lip Balms & Treatments,28.0,191,4.042,0.723
P471009,Caudalie,Vinoperfect Brightening Glycolic Peel Mask,Masks,42.0,191,4.555,0.911
P417242,La Mer,The Lip Balm,Lip Balms & Treatments,75.0,191,3.948,0.675
P482695,LANEIGE,Water Bank Blue Hyaluronic Gel Moisturizer,Moisturizers,40.0,191,4.141,0.817
P504171,Glow Recipe,Fruit Babies Bestsellers Kit,Value & Gift Sets,34.0,190,4.637,0.947
P504073,The Outset,Ultralight Moisture-Boosting Botanical Oil,Moisturizers,44.0,190,4.832,0.974
P472455,Caudalie,Vinosource-Hydra SOS Hydrating Hyaluronic Acid Serum,Treatments,52.0,189,4.661,0.926
P481145,ROSE INC,Hydration Replenish Microencapsulated Plumping Gel Moisturizer,Moisturizers,70.0,189,4.656,0.942
P448853,Tower 28 Beauty,Mini SOS Daily Rescue Facial Spray,Moisturizers,12.0,189,3.905,0.709
P483697,The Outset,Firming Vegan Collagen Prep Serum,Treatments,46.0,188,4.691,0.963
P431847,HUM Nutrition,Glow Sweet Glow - Skin Hydration Vegan Gummies with Hyaluronic Acid & Vitamin C + E,Wellness,26.0,188,4.112,0.803
P500696,ROSE INC,Eye Revival Brightening Eye Cream,Eye Care,55.0,188,4.691,0.963
P448934,IT Cosmetics,Bye Bye Pores Leave-On Solution Pore-Refining Toner,Cleansers,34.0,187,4.048,0.754
P422248,Kiehl's Since 1851,Rare Earth Deep Pore Daily Cleanser,Cleansers,28.0,187,4.305,0.813
P429043,DERMAFLASH,LUXE+ Advanced Sonic Dermaplaning + Peach Fuzz Removal,High Tech Tools,199.0,187,3.979,0.727
P467115,First Aid Beauty,Facial Radiance Niacinamide Dark Spot Serum,Treatments,42.0,186,3.656,0.624
P461522,SEPHORA COLLECTION,Clean Charcoal Nose Strip,Masks,3.0,186,2.995,0.478
P482260,DAMDAM,Rice Drops Face Oil Hydrating Serum,Moisturizers,68.0,186,4.855,0.978
P475201,TULA Skincare,24-7 Power Swipe Hydrating Day & Night Treatment Eye Balm,Eye Care,38.0,185,4.259,0.897
P471541,Caudalie,Vinosource-Hydra Grape Water Gel Moisturizer,Moisturizers,45.0,185,4.243,0.795
P479319,Fenty Skin,Pre-Show Glow Instant Retexturizing 10% AHA Treatment + Reusable Applicator,Treatments,42.0,184,4.435,0.908
P503865,iNNBEAUTY PROJECT,Bright & Tight Dark Circle Firming Eye Cream with Vitamin C & Peptides,Eye Care,34.0,184,4.391,0.837
P474068,KORA Organics,Minty Mineral Hydration Face Mist with Aloe Vera,Moisturizers,44.0,184,4.505,0.929
P504315,ROSE INC,Mini Skin Resolution Clarifying Acid Toner,Cleansers,15.0,184,4.685,0.935
P501157,Dr. Dennis Gross Skincare,Vitamin C Lactic Firm & Bright Eye Treatment,Eye Care,68.0,184,4.745,0.962
P476010,ROSE INC,Skin Resolution Clean Exfoliating Acid Toner,Cleansers,32.0,184,4.685,0.935
P448192,fresh,Mini Sugar Strawberry Exfoliating Face Wash,Mini Size,15.0,183,3.885,0.716
P504212,LANEIGE,Berries n' Choco Kisses Set,Value & Gift Sets,26.0,183,4.601,0.902
P504076,The Outset,Exfoliating Revitalizing & Energizing Caffeine Micro Polish,Cleansers,34.0,183,4.77,0.956
P422011,Kiehl's Since 1851,Ultra Facial Toner,Cleansers,24.0,182,4.264,0.833
P385632,CLINIQUE,"Great Skin, Great Deal Set for Dry Combination Skin",Value & Gift Sets,32.5,182,4.214,0.852
P403315,Tatcha,Gold Camellia Beauty Oil,Moisturizers,98.0,181,4.475,0.828
P472448,BeautyBio,Glass & Gloss 2-Step Facial Retexturizing & Brightening Treatment,Treatments,69.0,181,4.635,0.961
P468211,Saie,Sunvisor Radiant Moisturizing Face Sunscreen SPF 35,Sunscreen,38.0,181,4.105,0.751
P481336,RANAVAT,Resurfacing Saffron AHA Masque - Radiant Rani,Masks,75.0,181,4.63,0.928
P424986,TAN-LUXE,THE BUTTER Illuminating Tanning Butter,Self Tanners,38.0,181,4.343,0.845
P432824,Mount Lai,De-Puffing Jade Facial Roller,Wellness,36.0,179,3.877,0.715
P465365,Peace Out,Puffy Under-Eye Patches,Eye Care,25.0,179,4.268,0.849
P481142,Peter Thomas Roth,PRO Strength Vitamin A/C/E Retinoid Treatment,Treatments,65.0,178,4.742,0.978
P443369,Dermalogica,Sound Sleep Cocoon Night Gel-Cream,Treatments,89.0,178,4.174,0.82
P448932,Kate Somerville,+Retinol Vitamin C Moisturizer,Moisturizers,110.0,177,4.294,0.864
P440981,Flora + Bast,Age Adapting CBD Serum,Treatments,77.0,177,4.616,0.881
P444216,Naturally Serious,After-Dark Natural Peptide Sleeping Cream,Moisturizers,37.0,177,4.441,0.864
P503657,Caudalie,Premier Cru Skin Barrier Rich Moisturizer with Bio-Ceramides,Moisturizers,129.0,176,4.574,0.915
P503923,Herbivore,Super Nova 5% THD Vitamin C + Caffeine Brightening Eye Cream,Eye Care,48.0,176,4.614,0.943
P468813,Caudalie,Vinoclean Moisturizing Toner with Rose Water,Cleansers,30.0,176,4.335,0.847
P469444,Caudalie,Vinoclean Gentle Cleansing Almond Milk,Cleansers,30.0,176,4.352,0.875
P481363,RANAVAT,Smoothing Facial Polish - Imperial Glow,Cleansers,45.0,176,4.636,0.955
P443834,The INKEY List,Rosehip Nourishing Night Oil,Moisturizers,11.99,175,4.103,0.823
P483453,Hanni,Shave Starter Set,Value & Gift Sets,68.0,175,4.549,0.897
P467748,Caudalie,Resveratrol Lift Firming Eye Gel-Cream,Eye Care,62.0,174,4.333,0.833
P502852,NuFACE,NuFACE Mini+ Petite Facial Toning Device,High Tech Tools,245.0,174,4.534,0.948
P461491,Saint Jane Beauty,Bright Repair Eye Cream – 10% Vitamin C,Eye Care,65.0,174,4.276,0.805
P450290,La Mer,The Regenerating Serum,Treatments,410.0,174,4.402,0.845
P440305,Kate Somerville,Goat Milk Moisturizing Cleanser,Cleansers,44.0,174,4.557,0.897
P481371,RANAVAT,Balancing Crème Cleanser - Luminous Ceremony,Cleansers,45.0,173,4.468,0.908
P430812,Peter Thomas Roth,Max Mineral Tinted Sunscreen Broad Spectrum SPF 45,Sunscreen,38.0,172,4.203,0.785
P467749,Caudalie,Resveratrol Lift Retinol Alternative Firming Night Moisturizer,Moisturizers,72.0,172,4.407,0.89
P476447,The Nue Co.,Debloat+ Anti-Bloat Supplement with Digestive Enzymes,Wellness,45.0,172,4.291,0.866
P505158,Peter Thomas Roth,Max Vitamin D-Fense Sunscreen Serum Broad Spectrum SPF 50,Sunscreen,42.0,172,4.814,0.983
P468369,IT Cosmetics,Hello Results Wrinkle-Reducing Daily Retinol Serum-in-Cream,Moisturizers,69.0,172,4.442,0.936
P424990,TAN-LUXE,THE GRADUAL Illuminating Gradual Tan Lotion,Self Tanners,34.0,172,4.093,0.802
P4039,Murad,Perfecting Day Cream Broad Spectrum SPF 30 PA+++,Moisturizers,65.0,172,4.163,0.808
P450583,Herbivore,Prism AHA + BHA Exfoliating Glow Serum,Treatments,54.0,171,3.953,0.725
P432818,PMD,Clean Smart Facial Cleansing Device,High Tech Tools,99.0,171,3.982,0.713
P455339,The Ordinary,Lactic Acid 5% + HA,Treatments,7.8,171,4.31,0.83
P461948,Kiehl's Since 1851,Super Multi-Corrective Anti-Aging Face and Neck Cream,Moisturizers,76.0,171,4.263,0.877
P392144,Tata Harper,Purifying Pore Detox Cleanser,Cleansers,88.0,170,4.206,0.778
P481348,Paula's Choice,Clinical 0.3% Retinol + 2% Bakuchiol Treatment,Treatments,62.0,170,4.824,0.988
P462748,Tata Harper,Mini Purifying Pore Detox Cleanser,Mini Size,46.0,170,4.206,0.778
P471000,Algenist,Algae Niacinamide Moisture Veil,Moisturizers,65.0,169,4.698,0.935
P433971,Naturally Serious,Skin Warrior Moisture Rescue Cream,Moisturizers,35.0,168,4.19,0.798
P467250,Fenty Skin,Instant Reset Brightening Overnight Recovery Gel-Cream With Niacinamide + Kalahari Melon Oil,Moisturizers,45.0,168,4.208,0.821
P504240,Fenty Skin,Mini Instant Reset Brightening Overnight Recovery Gel-Cream With Niacinamide + Kalahari Melon Oil,Moisturizers,26.0,168,4.208,0.821
P504575,HUM Nutrition,PRO ACV Healthy Gut Vegan Gummies with 100% Organic Apple Cider Vinegar and Probiotics,Wellness,26.0,168,4.661,0.964
P402942,Slip,Silk Sleepmask,Wellness,50.0,167,3.76,0.7
P500121,Tower 28 Beauty,SOS Intensive Redness Relief Serum,Treatments,34.0,167,4.198,0.85
P440503,Mario Badescu,Lip Balm,Lip Balms & Treatments,8.0,167,4.251,0.826
P476538,The Nue Co.,Prebiotic + Probiotic Vegan Gut Microbiome Supplement,Wellness,55.0,167,4.449,0.898
P455612,alpyn beauty,Vitamin C & Bearberry Instant Glow Serum,Treatments,59.0,167,4.503,0.88
P455614,alpyn beauty,Creamy Bubbling Cleanser with Vitamin C & AHAs,Cleansers,36.0,167,4.383,0.85
P477961,BeautyBio,Get That Glow - GloPRO Facial Microneedling Discovery Set,Value & Gift Sets,199.0,166,4.723,0.946
P471793,Paula's Choice,Omega + Complex Cleansing Balm,Cleansers,29.0,166,4.657,0.922
P476009,ROSE INC,Radiant Reveal Clean Brightening Vitamin C Serum,Treatments,74.0,166,4.669,0.964
P427404,The Ordinary,Ascorbyl Tetraisopalmitate Solution 20% in Vitamin F,Treatments,19.8,166,3.819,0.705
P122767,CLINIQUE,All About Lips,Lip Balms & Treatments,28.0,165,4.03,0.538
P392648,Bobbi Brown,Extra Illuminating Moisture Balm,Moisturizers,74.0,165,3.37,0.531
P480274,Algenist,GENIUS Liquid Skin Resurfacing 2% BHA Toner,Cleansers,40.0,165,4.794,0.988
P473726,SEPHORA COLLECTION,Smoothing Cleanser,Cleansers,12.0,164,4.628,0.921
P398717,CLINIQUE,Dramatically Different Moisturizing Cream,Moisturizers,32.5,164,4.409,0.871
P442755,The Ordinary,Resveratrol 3% + Ferulic Acid 3%,Treatments,10.0,164,3.988,0.75
P500102,MILK MAKEUP,Hydro Ungrip Makeup Removing Cleansing Balm,Cleansers,36.0,164,4.683,0.939
P448200,Shiseido,Benefiance Wrinkle Smoothing Cream,Moisturizers,75.0,164,4.604,0.939
P442756,The Ordinary,Ascorbyl Glucoside Solution 12%,Treatments,14.3,163,4.098,0.761
P442713,First Aid Beauty,FAB Skin Lab Retinol Eye Cream with Triple Hyaluronic Acid,Eye Care,44.0,162,3.722,0.654
P465752,Drunk Elephant,Mini Protini Polypeptide Moisturizer,Mini Size,22.0,162,3.827,0.698
P217931,Lancôme,Tonique Radiance Clarifying Refining Toner,Cleansers,31.0,162,4.093,0.773
P472451,Caudalie,Vinosource-Hydra Moisturizing Mask,Masks,42.0,161,4.764,0.963
P500626,SEPHORA COLLECTION,Melting Cleansing Balm Cleanse + Balance,Cleansers,12.0,161,3.975,0.727
P429683,St. Tropez,Self Tan Purity Bronzing Water Mousse,Self Tanners,44.0,160,3.831,0.706
P474371,REN Clean Skincare,Evercalm Gentle Cleansing Milk,Cleansers,38.0,160,4.325,0.888
P501518,Mount Lai,Calming Herbal Repair Overnight Recovery Balm for Skin Barrier Support,Treatments,60.0,160,4.088,0.838
P408230,Clarins,V-Facial Instant Depuffing Face Mask,Masks,67.0,159,4.755,0.956
P416825,First Aid Beauty,FAB Skin Lab Retinol Serum 0.25% Pure Concentrate,Treatments,58.0,159,3.981,0.745
P476554,The Nue Co.,Skin Hydrator Ceramide and Hyaluronic Acid Supplement,Wellness,45.0,159,4.214,0.792
P387511,L'Occitane,Immortelle Divine Cream,Moisturizers,115.0,159,3.881,0.585
P473304,Drunk Elephant,O-Bloos Rosi Glow Drops,Treatments,38.0,159,3.686,0.648
P476553,The Nue Co.,Skin Filter Vitamin A and Zinc Blemish + Brightening Supplement,Wellness,45.0,158,4.19,0.823
P456421,KORRES,Black Pine 3D Eye-Lift Super Serum,Eye Care,61.0,158,4.0,0.699
P422012,Kiehl's Since 1851,Ultra Facial Cream Sunscreen SPF 30,Moisturizers,38.0,158,3.842,0.673
P432053,Sunday Riley,Multivitamins 15% Vitamin C + Retinol Mini Set,Value & Gift Sets,28.0,158,3.848,0.728
P416824,CLINIQUE,Fresh Pressed Daily Booster with Pure Vitamin C 10%,Treatments,85.0,157,3.93,0.71
P457697,Kate Somerville,DeliKate Recovery Serum,Treatments,98.0,156,4.641,0.936
P461520,SEPHORA COLLECTION,Clean Foot Mask,Masks,5.0,156,4.269,0.833
P423125,Dermalogica,Ultracalming Serum Concentrate,Treatments,66.0,156,4.308,0.859
P418221,COOLA,Organic Sunless Tan Anti-Aging Face Serum,Self Tanners,54.0,156,3.974,0.659
P449158,fresh,Mini Lotus Anti-Aging Night Moisturizer,Mini Size,22.0,155,3.994,0.677
P500687,iNNBEAUTY PROJECT,Keep It Clean Hydrating Gel Cleanser with Ceramides & 10 Amino Acids,Cleansers,26.0,155,4.523,0.929
P504026,MARA,Mini Algae + Moringa Universal Face Oil,Moisturizers,40.0,155,4.871,0.987
P504056,REN Clean Skincare,"Perfect Canvas Smooth, Prep & Plump Essence",Moisturizers,55.0,155,4.768,0.968
P503991,MARA,Algae + Moringa Universal Hydrating Face Oil,Moisturizers,72.0,155,4.871,0.987
P470007,Caudalie,Vinoclean Gentle Foam Cleanser,Cleansers,30.0,154,4.175,0.786
P483455,Hanni,The Weighted Razor Kit,High Tech Tools,42.0,153,4.641,0.941
P481828,NUDESTIX,Nudescreen Daily Mineral Veil SPF 30,Moisturizers,36.0,153,4.059,0.837
P481703,fresh,Black Tea Corset Cream Firming Moisturizer,Moisturizers,95.0,153,4.007,0.692
P483457,Hanni,Shave Pillow Moisturizing Body Gel,Moisturizers,24.0,152,4.697,0.954
P481825,LANEIGE,Hydro UV Defense Sunscreen Broad Spectrum SPF 50+,Sunscreen,30.0,152,4.257,0.816
P474113,StriVectin,TL Advanced  Tightening Neck Cream PLUS for Firming & Brightening,Moisturizers,95.0,152,4.033,0.77
P483699,The Outset,Restorative Niacinamide Night Cream,Moisturizers,54.0,152,4.605,0.914
P474117,StriVectin,Mini TL Advanced  Tightening Neck Cream PLUS for Firming & Brightening,Moisturizers,15.0,152,4.033,0.77
P428255,Dior,Capture Youth Serum Collection,Treatments,110.0,152,4.243,0.822
P481701,EADEM,Cloud Cushion Plush Moisturizer with Ceramides + Peptides,Moisturizers,58.0,151,4.748,0.96
P431840,Herbivore,Coconut Milk Bath Soak,Wellness,22.0,151,3.55,0.616
P465803,SEPHORA COLLECTION,Blue Aventurine De-Puffing Facial Roller,Wellness,20.0,150,4.893,0.987
P443358,Dermalogica,Intensive Moisture Balance Moisturizer,Moisturizers,47.0,150,4.467,0.907
P404465,GLO Science,GLO Lit Teeth Whitening Vials 3 Pack,High Tech Tools,24.0,149,4.141,0.826
P500988,Herbivore,Moon Dew 1% Bakuchiol + Peptides Retinol Alternative Eye Cream,Eye Care,48.0,149,4.221,0.792
P427393,Dr. Dennis Gross Skincare,Hyaluronic Marine Dew It Right Eye Gel,Eye Care,55.0,148,3.527,0.615
P447213,SOBEL SKIN Rx,4.5% Retinol Serum,Treatments,105.0,148,4.446,0.899
P467614,Dr. Brandt Skincare,C Scription Vitamin C Brightening Serum,Treatments,120.0,148,4.696,0.912
P483643,alpyn beauty,Willow & Sweet Agave Plumping Lip Mask,Lip Balms & Treatments,28.0,148,4.541,0.885
P449177,Dermalogica,AGE Smart Phyto-Nature Firming Serum,Treatments,155.0,148,4.331,0.878
P443839,The INKEY List,Squalane Oil,Moisturizers,12.99,148,4.439,0.946
P481700,Dr. Jart+,Cicapair Redness Rescue Kit,Value & Gift Sets,39.0,148,4.277,0.878
P505211,Supergoop!,(Glow)Setting 100% Mineral Powder SPF 35,Sunscreen,36.0,147,4.483,0.884
P474823,Dr. Dennis Gross Skincare,Advanced Retinol + Ferulic Overnight Texture Renewal Peel,Treatments,82.0,147,4.741,0.959
P377576,CLINIQUE,Repairwear Laser Focus Wrinkle Correcting Eye Cream,Eye Care,54.0,147,3.891,0.788
P416755,Dr. Dennis Gross Skincare,Hyaluronic Marine Oil-Free Moisture Cushion,Moisturizers,65.0,146,4.034,0.756
P469505,Paula's Choice,Skin Perfecting BHA 9 Treatment,Treatments,46.0,146,4.705,0.952
P383053,Dr. Brandt Skincare,Do Not Age with Dr. Brandt Triple Peptide Eye Cream,Eye Care,82.0,145,4.076,0.696
P504506,Tatcha,The Silk Serum Wrinkle-Smoothing Retinol Alternative,Treatments,98.0,144,4.799,0.965
P457696,Kate Somerville,DeliKate Soothing Cleanser,Cleansers,44.0,144,4.188,0.826
P478239,Caudalie,Vinopure Purifying Clay Mask,Masks,42.0,144,4.632,0.944
P388545,Shiseido,Perfect Cleansing Oil,Cleansers,35.0,144,4.451,0.865
P456395,innisfree,Volcanic Clusters Pore Clearing Toner,Cleansers,22.0,143,4.566,0.895
P476428,Hyper Skin,Brightening Dark Spot Vitamin C Serum,Treatments,58.0,143,4.566,0.93
P502395,Sulwhasoo,Concentrated Ginseng Renewing Serum,Treatments,210.0,142,4.697,0.979
P443383,CLINIQUE,Moisture Surge Eye 96-Hour Hydro-Filler Concentrate,Eye Care,37.0,142,3.338,0.542
P502745,Kosas,Plump + Juicy Vegan Collagen + Probiotic Spray-On Serum,Moisturizers,48.0,141,4.383,0.872
P443366,Dermalogica,Prisma Protect SPF 30 Moisturizer,Moisturizers,69.0,141,4.362,0.929
P479313,Dr. Dennis Gross Skincare,Advanced Retinol + Ferulic Intense Wrinkle Cream,Moisturizers,77.0,141,4.695,0.936
P419633,FOREO,ESPADA Blue Light Acne Treatment,Treatments,159.0,141,3.908,0.8
P455930,Shani Darden Skin Care,Weightless Oil-Free Moisturizer,Moisturizers,48.0,140,4.257,0.8
P442833,The Ordinary,EUK 134 0.1%,Treatments,11.1,140,4.35,0.843
P474936,Caudalie,Vinopure Oil-Control Moisturizer for Acne Prone Skin,Moisturizers,38.0,139,4.388,0.842
P500101,MILK MAKEUP,Hydro Ungrip Makeup Remover + Cleansing Water,Cleansers,32.0,139,4.647,0.928
P379064,Clarins,Lotus Balancing & Hydrating Natural Face Treatment Oil,Moisturizers,65.0,139,4.403,0.972
P474843,Lancôme,Absolue Soft Cream Revitalizing & Brightening Moisturizer,Moisturizers,150.0,139,4.676,0.957
P442989,tarte,Youth or Dare Multi-Acid & C-Serum,Treatments,42.0,138,3.101,0.529
P422003,Kiehl's Since 1851,Daily Reviving Concentrate,Treatments,59.0,138,4.399,0.852
P480278,Biossance,Rapid Radiance Set,Value & Gift Sets,35.0,138,4.116,0.768
P473126,Paula's Choice,CLINICAL Discoloration Repair Serum,Treatments,52.0,138,4.652,0.942
P429637,La Mer,The Moisturizing Cool Gel Cream,Moisturizers,200.0,137,3.679,0.672
P385262,Shiseido,Ultimate Sun Protection Spray Broad Spectrum SPF 50+ For Face/Body,Sunscreen,40.0,137,3.818,0.549
P469528,Paula's Choice,Skin Perfecting 25% AHA + 2% BHA Exfoliant Peel,Treatments,42.0,137,4.504,0.891
P500778,HABIT,N°39 Facial Sunscreen Mist with SPF 39,Sunscreen,30.0,137,4.708,0.942
P483128,Dr. Zenovia Skincare,Scar Gel Treatment,Treatments,48.0,137,4.328,0.891
P450211,fresh,Mini Vitamin Nectar Glow Juice Antioxidant Face Serum,Mini Size,28.0,137,3.971,0.715
P410883,Peter Thomas Roth,Acne Clearing Wash,Cleansers,39.0,137,4.226,0.818
P385773,Dr. Dennis Gross Skincare,Hyaluronic Marine Hydration Booster,Treatments,72.0,137,4.255,0.813
P446630,PMD,Clean Pro Rose Quartz,High Tech Tools,179.0,136,4.456,0.875
P439672,SEPHORA COLLECTION,Rose Quartz Facial Roller,Wellness,22.0,136,3.699,0.691
P423157,Moon Juice,Sex Dust   Adaptogens For Fire*,Wellness,38.0,136,3.853,0.735
P379709,Tata Harper,Repairative Anti-Aging Moisturizer,Moisturizers,130.0,136,3.412,0.529
P447200,tarte,Baba Bomb Moisturizer,Moisturizers,39.0,135,4.415,0.837
P302900,CLINIQUE,Turnaround Revitalizing Serum,Treatments,53.0,135,4.319,0.769
P386755,HUM Nutrition,Collagen Love Skin Firming Supplement with Hyaluronic Acid & Vitamin C,Wellness,40.0,135,4.407,0.891
P500002,JLo Beauty,Brighten. Tighten. Hydrate. 3-Piece Set,Value & Gift Sets,64.0,134,4.284,0.903
P440658,Drunk Elephant,Baby Bar Travel Duo with Case,Value & Gift Sets,22.0,134,4.396,0.881
P413613,Dr. Dennis Gross Skincare,Pro Facial Steamer,High Tech Tools,159.0,134,4.149,0.81
P504277,Kate McLeod,Face Stone Nourishing Solid Refillable Facial Oil with Tamanu + Blue Tansy,Moisturizers,68.0,134,4.657,0.94
P395389,GLO Science,GLO Brilliant Teeth Whitening GLO Vials 10 Pack plus Lip Care,High Tech Tools,65.0,133,4.421,0.886
P469524,Paula's Choice,RESIST Super-Light Daily Wrinkle Defense SPF 30,Sunscreen,37.0,133,4.256,0.797
P504637,Hourglass,Equilibrium Resurfacing Retinoid Treatment,Treatments,110.0,132,4.871,0.992
P410756,SK-II,GenOptics Aura Essence Serum,Moisturizers,245.0,132,4.076,0.65
P451748,SOBEL SKIN Rx,15% Niacinamide Gel Serum,Treatments,75.0,132,4.159,0.856
P476683,FaceGym,Full Face Sculpt Kit - 14-Day Challenge,High Tech Tools,75.0,131,4.473,0.931
P482696,LANEIGE,Water Bank Blue Hyaluronic Eye Cream,Eye Care,43.0,131,4.534,0.916
P476733,Supergoop!,Mineral Mattescreen Sunscreen SPF 40 PA+++,Sunscreen,38.0,131,4.015,0.756
P411881,Kate Somerville,Retinol Firming Eye Cream,Eye Care,98.0,131,3.443,0.467
P397622,Dr. Jart+,Dermask Water Jet Soothing Hydra Solution,Masks,7.0,130,4.054,0.794
P471097,Shani Darden Skin Care,Facial Sculpting Wand,High Tech Tools,399.0,130,4.546,0.9
P394702,Origins,Plantscription Anti-Aging Power Eye Cream,Eye Care,58.0,129,3.837,0.75
P502986,SEPHORA COLLECTION,Jade Facial Roller,Wellness,22.0,129,4.891,0.992
P503920,Shani Darden Skin Care,Triple Acid Signature Peel,Treatments,125.0,129,4.876,0.992
P447199,TAN-LUXE,Super Glow Hyaluronic Self-Tan Serum,Self Tanners,49.0,129,3.984,0.713
P470240,OLEHENRIKSEN,Truth Serum Vitamin C Serum,Treatments,56.0,129,4.194,0.76
P408301,Tata Harper,Purifying Pore & Blackhead Detox Mask,Masks,75.0,128,3.867,0.614
P474844,Lancôme,Absolue Revitalizing Eye Cream,Eye Care,135.0,128,4.609,0.922
P500318,JLo Beauty,That Overnight Hustle AHA + BHA Resurfacer,Treatments,58.0,127,4.441,0.898
P440933,Origins,Mini Clear Improvement Active Charcoal Mask to Clear Pore,Mini Size,17.0,127,3.984,0.724
P482025,Lancôme,Absolue Rich Cream Moisturizer,Moisturizers,270.0,127,4.803,0.984
P484081,TULA Skincare,Eye Recharge + Replenish Pro-Ferm Overnight Eye Cream with Bakuchiol and Peptides,Eye Care,56.0,127,4.52,0.929
P473148,Naturally Serious,Mask-imum Revival Hydra-Plumping Mask,Masks,27.0,126,4.381,0.873
P440483,Mario Badescu,"Facial Spray with Aloe, Cucumber and Green Tea",Moisturizers,7.0,126,3.96,0.77
P476726,REN Clean Skincare,Evercalm Gentle Cleansing Gel,Cleansers,38.0,125,4.36,0.912
P429522,Kiehl's Since 1851,Super Fluid Daily UV Defense Sunscreen Broad Spectrum SPF 50+,Sunscreen,68.0,125,3.616,0.576
P377178,Murad,Rapid Collagen Infusion,Treatments,89.0,125,4.128,0.778
P453818,Algenist,GENIUS Collagen Calming Relief,Moisturizers,58.0,125,4.464,0.912
P483700,The Outset,Smoothing Vitamin C Eye + Expression Lines Cream,Eye Care,42.0,124,4.379,0.879
P398502,PMD,Personal Microderm Pro,High Tech Tools,199.0,124,4.435,0.864
P444967,Mario Badescu,"Mini Facial Spray with Aloe, Herbs and Rosewater",Mini Size,5.0,124,4.097,0.782
P502997,Peace Out,Salicylic Acid Acne Treatment Serum,Treatments,34.0,123,3.634,0.672
P433519,Charlotte Tilbury,Refillable Magic Night Moisturizer with Retinol,Moisturizers,145.0,123,3.528,0.626
P471041,iNNBEAUTY PROJECT,Down to Tone Resurfacing Acid Toner,Cleansers,28.0,123,4.333,0.846
P442854,Dr. Jart+,Focuspot Dark Spot Micro Tip Patch,Treatments,20.0,122,3.631,0.713
P470535,Kate Somerville,"KateCeuticals Resurfacing Overnight Peel with Glycolic Acid, Retinol & Niacinamide",Treatments,98.0,122,4.738,0.951
P464242,Dr. Zenovia Skincare,Hyaluronic Acid + Peptide Serum,Treatments,72.0,122,4.508,0.951
P455212,SEPHORA COLLECTION,1 Minute Face Masks,Masks,12.0,121,3.512,0.645
P436365,Kate Somerville,+Retinol Vita C Power Serum,Treatments,110.0,121,3.504,0.678
P468850,ROSE Ingleton MD,Signature Moisturizer,Moisturizers,85.0,120,4.7,0.942
P399755,GLO Science,GLO Lit Teeth Whitening Vials 7 Pack + Lip Care,High Tech Tools,49.0,120,4.392,0.883
P444614,Isle of Paradise,Express Ultra Dark Mousse,Self Tanners,32.0,120,3.783,0.7
P392143,Tata Harper,Tata's Daily Essentials Kit,Value & Gift Sets,75.0,120,3.65,0.654
P502046,Origins,GinZing Energizing Gel Cream with Caffeine & Niacinamide,Moisturizers,36.0,119,4.597,0.941
P416344,La Mer,The Cleansing Foam,Cleansers,95.0,119,4.0,0.703
P500113,Community Sixty-Six,Detoxifying AHA/BHA Gel Cleanser,Cleansers,16.0,118,4.068,0.873
P392472,CLINIQUE,All About Clean Foaming Facial Soap,Cleansers,23.5,118,4.025,0.81
P503878,OLEHENRIKSEN,Pout Preserve Peptide Lip Treatment,Lip Balms & Treatments,22.0,118,4.602,0.907
P442859,Algenist,ALIVE Prebiotic Balancing Mask,Masks,38.0,118,4.373,0.839
P503927,Dr. Dennis Gross Skincare,Vitamin C Lactic Biocellulose Brightening Treatment Mask,Masks,12.0,117,4.59,0.94
P460554,SEPHORA COLLECTION,Clarifying Peel Pads,Treatments,17.0,117,4.607,0.94
P380027,Estée Lauder,Perfectly Clean Multi-Action Foam Cleanser/Purifying Mask,Cleansers,30.0,116,4.44,0.87
P504325,Glow Recipe,Glowy Skin Prep Besties Set,Value & Gift Sets,52.0,116,4.853,0.983
P388262,Algenist,GENIUS Ultimate Anti-Aging Eye Cream,Eye Care,74.0,116,3.776,0.718
P433975,Naturally Serious,Zero Baggage Anti-Dark Circle Eye Cream,Eye Care,26.0,116,4.216,0.819
P500109,Community Sixty-Six,Hydrating Caffeine Eye Cream,Eye Care,18.0,116,4.138,0.802
P448537,The INKEY List,Alpha Arbutin Brightening Serum,Treatments,12.99,116,4.224,0.853
P446916,Skinfix,Eczema+ Care Kit,Value & Gift Sets,35.0,115,4.2,0.843
P407040,CLINIQUE,Acne Solutions Acne + Line Correcting Serum,Treatments,52.0,115,4.13,0.837
P461936,FOREO,BEAR mini Facial Toning Device,High Tech Tools,219.0,114,4.123,0.842
P474110,StriVectin,Super-C Retinol Brighten & Correct Vitamin C Serum,Treatments,72.0,114,4.649,0.93
P412117,Kate Somerville,Dry Skin Saver,Moisturizers,56.0,114,4.307,0.764
P446638,Dermalogica,Power Cleanse Duo,Value & Gift Sets,19.0,113,4.575,0.956
P483698,The Outset,Nourishing Squalane Daily Moisturizer,Moisturizers,44.0,112,4.589,0.902
P449102,INC.redible,Crystal Ball Roller Gloss,Wellness,12.0,112,4.384,0.893
P471761,Drunk Elephant,Call It A Night Glycolic Serum + Moisturizer duo,Value & Gift Sets,28.0,112,4.366,0.866
P500746,First Aid Beauty,Hydrating Serum with Hyaluronic Acid,Treatments,40.0,112,4.545,0.92
P483696,The Outset,Gentle Micellar Antioxidant Cleanser,Cleansers,32.0,112,4.661,0.929
P397465,Rosebud Perfume Co.,Strawberry Lip Balm,Lip Balms & Treatments,8.0,112,4.152,0.768
P483661,Herbivore,Moon Fruit 1% Bakuchiol + Peptides Retinol Alternative Serum,Treatments,62.0,111,4.514,0.901
P500117,HABIT,N°38 Facial Sunscreen Mist with SPF 38,Sunscreen,30.0,111,4.342,0.82
P469196,SEPHORA COLLECTION,Supplement Case,Wellness,10.0,111,3.757,0.676
P501166,Dr. Dennis Gross Skincare,Vitamin C Lactic Oil-Free Radiant Moisturizer,Moisturizers,72.0,111,4.658,0.946
P503652,TULA Skincare,24-7 Moisture Intense Ultra Hydrating Day & Night Cream with Hyaluronic Acid + Squalane,Moisturizers,58.0,110,4.418,0.909
P433618,Shiseido,Clarifying Cleansing Foam,Cleansers,36.0,110,4.245,0.782
P440317,Peter Thomas Roth,Potent-C Vitamin C Bright & Plump Moisturizer,Moisturizers,72.0,109,3.624,0.642
P501421,EADEM,Dew Dream- Hydrating Makeup Removing Cleansing Balm with Tiger Grass,Cleansers,30.0,109,4.688,0.972
P460758,Dr. Brandt Skincare,Cool Biotic Prebiotic Redness Relief Cream,Moisturizers,56.0,109,4.147,0.725
P417625,Dr. Brandt Skincare,24/7 Retinol Eye Cream,Eye Care,58.0,108,3.917,0.716
P457694,Algenist,Blue Algae Vitamin C Dark Spot Correcting Peel,Treatments,85.0,108,4.213,0.824
P501031,Dr. Jart+,Pore Remedy 5% Multi-Acid Radiance Peel,Treatments,40.0,108,4.574,0.981
P482327,The Ordinary,Mini Squalane Cleanser,Cleansers,9.0,108,3.954,0.731
P504988,DAMDAM,Snow Mushroom Pore Cleanser with Exfoliating Glove,Cleansers,47.0,108,4.704,0.972
P483701,The Outset,Daily Essentials Travel Set,Value & Gift Sets,50.0,108,4.574,0.861
P430813,Lancôme,Advanced Génifique Hydrogel Melting Mask,Masks,15.0,108,4.083,0.75
P468149,HUM Nutrition,Calm Sweet Calm Stress Management Vegan Gummies with Ashwagandha & L-Theanine,Wellness,30.0,107,4.206,0.813
P464244,Dr. Zenovia Skincare,Vitamin C Brightening Toner,Cleansers,38.0,107,4.598,0.944
P454821,FOREO,LUNA Mini 3,High Tech Tools,179.0,107,3.879,0.748
P475172,Sulwhasoo,Overnight Vitalizing Mask,Masks,54.0,106,4.717,0.925
P464240,Dr. Zenovia Skincare,10% Glycolic Acne Control Peel Pads,Treatments,42.0,105,4.41,0.905
P402992,NuFACE,Trinity + Eye and Lip Enhancer Attachment Bundle,High Tech Tools,429.0,105,3.438,0.632
P433468,Kate Somerville,EradiKate Salicylic Acid Acne Treatment,Treatments,68.0,105,4.114,0.743
P385320,NuFACE,Trinity + Eye and Lip Enhancer Attachment Bundle,High Tech Tools,449.0,105,3.438,0.632
P440926,Origins,Mini Drink Up Intensive Overnight Hydrating Mask with Avocado & Swiss Glacier Water,Mini Size,17.0,105,4.114,0.771
P440929,Origins,Mini Original Skin Retexturizing Mask with Rose Clay,Mini Size,17.0,105,4.476,0.895
P444225,Dr. Brandt Skincare,Clean Biotic pH-balanced yogurt cleanser with chlorophyll,Cleansers,36.0,104,4.221,0.827
P483146,SEPHORA COLLECTION,Ultra Glow Toner with Vitamins C + E,Moisturizers,14.0,104,4.587,0.913
P429526,Murad,Multi-Vitamin Infusion Oil,Moisturizers,85.0,103,4.427,0.864
P429661,Dr. Brandt Skincare,pores no more Mattifying Hydrator Pore Minimizing Gel,Treatments,50.0,103,4.204,0.806
P410755,SK-II,GenOptics Spot Essence Serum,Moisturizers,225.0,103,4.126,0.571
P475112,innisfree,Pore Clearing Matte Moisturizer with Volcanic Clusters,Moisturizers,24.0,102,4.539,0.892
P383052,Dr. Brandt Skincare,Do Not Age with Dr. Brandt Moisturizing Neck Cream,Moisturizers,67.0,102,3.775,0.477
P468672,innisfree,Clarifying Spot Serum with Bija Seed Oil,Treatments,18.0,102,4.539,0.941
P403748,fresh,Black Tea Corset Firming Serum,Treatments,75.0,102,3.912,0.711
P393501,CLINIQUE,Acne Solutions Cleansing Gel,Treatments,23.5,102,3.873,0.783
P377919,Origins,Plantscription Anti-Aging Cleanser,Cleansers,36.0,101,4.287,0.841
P482675,FaceGym,Active Blast Concentrated Collagen Daily Treatment,Treatments,65.0,101,4.683,0.941
P464237,Dr. Zenovia Skincare,Retinol Recovery Eye Cream,Eye Care,64.0,101,3.881,0.743
P447504,Algenist,AA (Alguronic Acid) Barrier Serum,Treatments,85.0,100,3.97,0.74
P467972,Saint Jane Beauty,The C Drops – 20% Vitamin C Blend Brightening Serum,Treatments,90.0,100,4.75,0.96
P482510,Augustinus Bader,The Ultimate Soothing Cream,Moisturizers,290.0,100,4.67,0.94
P455618,COOLA,Full Spectrum 360° Refreshing Water Mist Organic Face Sunscreen SPF 18,Sunscreen,36.0,100,4.37,0.87
P505338,alpyn beauty,Pore Perfecting Liquid Exfoliator with 2% BHA + Borage,Cleansers,39.0,100,4.93,1.0
P505711,The INKEY List,Polyglutamic Acid Dewy Sunscreen SPF 30,Sunscreen,14.99,100,4.69,0.97
P469086,SEPHORA COLLECTION,Facial Cleansing Tool,High Tech Tools,8.0,100,4.73,0.94
P505408,goop,GOOPGLOW Vita-C Brightening Eye Cream,Eye Care,58.0,100,4.21,0.85
P475540,Farmacy,Honey Halo Moisturizer Jumbo,Moisturizers,74.0,100,4.73,0.95
P504523,Glossier,Futuredew Facial Oil-Serum Hybrid,Moisturizers,26.0,99,3.889,0.778
P392004,Clarins,Blue Orchid Radiance & Hydrating Natural Face Treatment Oil,Moisturizers,65.0,99,4.384,0.85
P455931,Shani Darden Skin Care,Sake Toning Essence,Moisturizers,52.0,99,4.444,0.899
P460627,Sunday Riley,Saturn Sulfur + Niacinamide Spot Treatment Mask,Masks,20.0,99,3.152,0.515
P433974,Naturally Serious,Supercharge Anti-Oxidant Moisture Serum,Treatments,39.0,99,4.576,0.929
P480165,Farmacy,Healthy Skin Starter Kit,Value & Gift Sets,42.0,98,4.765,0.969
P504849,Glow Recipe,Plumping Power Duo,Value & Gift Sets,54.0,98,4.837,0.99
P395417,iluminage,Touch Home Permanent Hair Removal Device,High Tech Tools,449.0,98,3.673,0.593
P429659,Biossance,Squalane + Hyaluronic Toning Mist,Moisturizers,32.0,98,4.255,0.806
P500614,Hyper Skin,Gentle Brightening Gel Cleanser with Mandelic Acid,Cleansers,28.0,97,4.701,0.928
P469111,Kate Somerville,KateCeuticals Lifting Eye Cream,Eye Care,140.0,96,4.635,0.927
P505047,MACRENE actives,High Performance Face Serum with Vitamin C and Hyaluronic Acid,Treatments,195.0,96,4.927,0.979
P392142,Tata Harper,Nourishing Makeup Removing Oil Cleanser,Cleansers,88.0,95,4.021,0.72
P442853,Dr. Jart+,Focuspot Blemish Micro Tip Patch,Treatments,20.0,95,3.968,0.737
P442540,Alpha-H,Vitamin A Serum with 0.5% Retinol,Treatments,65.0,95,4.358,0.874
P463613,CLINIQUE,Moisture Surge Intense 72H Lipid-Replenishing Hydrator Moisturizer,Moisturizers,44.0,95,3.495,0.653
P463964,Sunday Riley,Pink Drink Firming Resurfacing Peptide Face Mist,Moisturizers,48.0,95,3.821,0.642
P379995,Estée Lauder,Perfectionist CP+R Wrinkle Lifting/Firming Serum,Treatments,120.0,94,4.223,0.721
P379705,Tata Harper,Hydrating Hyaluronic Acid Floral Essence,Moisturizers,76.0,94,3.883,0.729
P471045,Kate Somerville,Daily Deflector Mineral Sunscreen SPF 40  PA++++,Sunscreen,54.0,94,4.415,0.894
P505140,MACRENE actives,Plumping High Performance Lip Filler with Hyaluronic Acid,Lip Balms & Treatments,95.0,94,4.532,0.915
P475180,TULA Skincare,On The Go Best Sellers Travel Kit,Value & Gift Sets,49.0,93,4.237,0.871
P502322,iNNBEAUTY PROJECT,The Healthy Skin Edit Bestsellers Kit,Value & Gift Sets,36.0,93,4.785,0.989
P471042,iNNBEAUTY PROJECT,Next Level Moisturizer,Moisturizers,24.0,93,4.495,0.849
P471567,Origins,Checks and Balances Polishing Exfoliator,Cleansers,27.0,93,4.462,0.871
P482328,The Ordinary,Mini Natural Moisturizing Factors + HA,Treatments,6.5,92,3.957,0.783
P474121,StriVectin,SD Advanced  PLUS Intensive Moisturizer For Wrinkles & Stretch Marks,Moisturizers,82.0,92,4.685,0.957
P440072,KORA Organics,Noni Glow Overnight Plumping Hydration Mask,Masks,52.0,92,3.728,0.663
P374115,CLINIQUE,Pore Refining Solutions Stay-Matte Hydrator,Moisturizers,44.0,92,4.076,0.882
P440484,Mario Badescu,"Facial Spray with Aloe, Chamomile and Lavender",Moisturizers,7.0,91,4.44,0.835
P422004,Kiehl's Since 1851,Ultra Facial Moisturizer Sunscreen SPF 30,Moisturizers,38.0,91,3.747,0.697
P455622,CLINIQUE,Even Better Clinical Radical Dark Spot Corrector + Interrupter Serum,Treatments,85.0,91,3.582,0.637
P474940,CLINIQUE,Mini Even Better Clinical Radical Dark Spot Corrector + Interrupter Serum,Treatments,21.0,91,3.582,0.637
P474839,HUM Nutrition,Counter Cravings - Helps Reduce Cravings and Boosts Metabolism,Wellness,50.0,91,4.407,0.901
P469112,Kate Somerville,KateCeuticals Total Repair Cream,Moisturizers,140.0,91,4.714,0.945
P468709,The Ordinary,100% Niacinamide Powder,Treatments,6.4,91,4.319,0.868
P480608,Hourglass,Equilibrium Instant Plumping Eye Mask,Eye Care,68.0,90,4.478,0.9
P472467,GLO Science,GLO to Go Teeth Whitening Pen,High Tech Tools,25.0,90,4.489,0.889
P424985,TAN-LUXE,THE WATER Hydrating Self-Tan Water,Self Tanners,48.0,90,4.0,0.8
P2046,Evian,Brumisateur Natural Mineral Water Facial Spray Travel Trio,Moisturizers,23.5,90,4.678,0.864
P469517,Paula's Choice,CLEAR Oil-Free Moisturizer,Moisturizers,29.0,90,4.533,0.911
P421271,Kate Somerville,Wrinkle Warrior Eye Gel Visible Dark Circle Eraser,Eye Care,76.0,90,3.067,0.465
P502200,Kate Somerville,HydraKate Recharging Serum with Hyaluronic Acid,Treatments,78.0,89,4.764,0.966
P503683,Peace Out,Acne Salicylic Acid Day & Night Duo,Value & Gift Sets,19.0,89,4.697,0.933
P432421,SEPHORA COLLECTION,SUPERMASK - The Charcoal Mask,Masks,5.5,88,3.761,0.67
P404169,Algenist,POWER Advanced Wrinkle Fighter 360° Eye Serum,Eye Care,70.0,88,4.034,0.738
P503809,First Aid Beauty,Bounce-Boosting Serum with Collagen + Peptides,Treatments,44.0,88,4.727,0.955
P450587,Naturally Serious,Illumi-nation Anti-Fatigue Power Serum,Treatments,39.0,88,4.67,0.966
P456991,CLINIQUE,Superdefense City Block Broad Spectrum SPF 50 Daily Energy + Face Protector Primer,Sunscreen,32.0,88,3.693,0.682
P474838,HUM Nutrition,Boost Sweet Boost - Vegan Gummies for Immune Support,Wellness,26.0,88,4.864,0.977
P383051,Dr. Brandt Skincare,Do Not Age with Dr. Brandt Time Defying Cream,Moisturizers,132.0,88,4.011,0.667
P479701,Kate Somerville,EradiKate Acne Mark Fading Gel with Salicylic Acid,Treatments,68.0,87,4.701,0.954
P438643,BeautyBio,The Balance pH Balancing Gel Cleanser,Cleansers,39.0,87,4.471,0.851
P471040,iNNBEAUTY PROJECT,Foam Around Clarifying Daily Cleanser Infused with Glycolic Acid,Cleansers,22.0,87,4.391,0.851
P440306,tarte,SEA Mini Drink of H2O Hydrating Boost Moisturizer,Mini Size,14.0,86,3.581,0.651
P454771,lilah b.,Aglow Cleansing Butter,Cleansers,14.0,86,4.535,0.884
P502197,Kate Somerville,HydraKate Recharging Water Cream Moisturizer,Moisturizers,76.0,86,4.826,0.977
P401570,Origins,Mega-Mushroom Skin Relief Micellar Cleanser,Cleansers,37.0,86,4.5,0.906
P382356,Kate Somerville,Age Arrest Anti-Wrinkle Cream,Moisturizers,98.0,86,4.035,0.765
P444013,SEPHORA COLLECTION,Crystal Facial Roller Set,Wellness,35.0,85,4.118,0.812
P456413,KORRES,Mini Greek Yoghurt Foaming Cream Cleanser,Mini Size,16.0,85,4.247,0.812
P422005,Kiehl's Since 1851,Ultra Facial Moisturizer,Moisturizers,38.0,84,3.714,0.654
P450947,Drunk Elephant,Mini A-Passioni Retinol Cream,Mini Size,28.0,84,4.0,0.798
P476679,FaceGym,Multi-Sculpt High-Performance Gua Sha,High Tech Tools,65.0,84,4.881,0.988
P442539,Alpha-H,Vitamin B Serum with 5% Niacinamide and Peptides,Treatments,65.0,84,4.262,0.881
P438628,BeautyBio,Contouring + De-Puffing Rose Quartz Roller,Wellness,65.0,84,4.583,0.893
P410101,CLINIQUE,Broad Spectrum SPF 50 Mineral Sunscreen Fluid for Face,Sunscreen,31.0,84,3.44,0.608
P500753,Charlotte Tilbury,Daily Glow Toner with Niacinamide,Cleansers,55.0,84,4.381,0.857
P504892,iNNBEAUTY PROJECT,Refine AHA + BHA Texture & Pore Serum,Treatments,38.0,83,4.747,0.976
P402943,Slip,Silk Pillowcase - King,Wellness,110.0,83,3.783,0.615
P482005,HUM Nutrition,Fan Club - multi-symptom menopause support,Wellness,40.0,83,4.819,1.0
P399656,First Aid Beauty,Fab Faves To Go Kit,Value & Gift Sets,30.0,83,4.542,0.925
P481341,Dr. Dennis Gross Skincare,Alpha Beta Daily Moisturizer,Moisturizers,72.0,83,4.566,0.928
P502479,Youth To The People,Kombucha + 10% AHA Liquid Exfoliant with Lactic Acid and Glycolic Acid,Cleansers,42.0,82,4.598,0.927
P386759,HUM Nutrition,Moody Bird PMS Support Supplement,Wellness,26.0,82,4.22,0.768
P453822,Dr. Brandt Skincare,Dark Spots No More Triple Acid Spot Minimizing Concentrate,Treatments,71.0,82,3.963,0.756
P399622,Tatcha,Luminous Deep Hydration Lifting Mask,Masks,95.0,82,4.415,0.849
P447773,SK-II,PITERA First Experience Kit,Value & Gift Sets,99.0,82,3.915,0.756
P475907,Augustinus Bader,The Serum with  TFC8,Treatments,390.0,82,3.963,0.744
P459131,OLEHENRIKSEN,3 Mega Wonders,Value & Gift Sets,65.0,81,4.235,0.79
P431733,Kiehl's Since 1851,Epidermal Re-Texturizing Micro-Dermabrasion,Cleansers,46.0,81,4.617,0.901
P505233,Gisou,Honey Infused Lip Oil,Lip Balms & Treatments,32.0,81,4.901,0.975
P438635,BeautyBio,The Pout Sparkling Rosé Hyaluronic Acid Collagen Plumping Lip Serum,Lip Balms & Treatments,39.0,81,3.432,0.593
P500111,HUM Nutrition,Womb Service - OBGYN Formulated Prenatal Support Supplement,Wellness,45.0,81,4.815,0.988
P476894,NUDESTIX,NUDESKIN Lemon-Aid Detox & Glow Micro-Peel,Treatments,35.0,81,4.469,0.926
P505452,Lancôme,Clarifique Pro-Solution Brightening & Dark Spot Reducing Serum,Treatments,85.0,81,4.543,0.975
P469110,Kate Somerville,KateCeuticals Firming Serum with Hyaluronic Acid,Treatments,110.0,81,4.877,1.0
P440490,Mario Badescu,Acne Facial Cleanser,Cleansers,15.0,80,3.763,0.675
P412407,Tata Harper,Clarifying Moisturizer,Moisturizers,130.0,80,3.838,0.685
P378219,Shiseido,White Lucent Power Brightening Mask,Masks,72.0,79,4.253,0.8
P479703,Kate Somerville,EradiKate Clarifying Acne Gel Cleanser with Salicylic Acid,Treatments,44.0,79,4.671,0.975
P502749,The INKEY List,SuperSolutions 5% Benzoyl Peroxide Cleanser Acne Solution,Cleansers,17.99,79,3.772,0.747
P504016,MARA,Mini Evening Primrose + Green Tea Algae Retinol Face Oil,Moisturizers,66.0,78,4.949,1.0
P502691,The INKEY List,SuperSolutions 1% Retinol Serum,Treatments,24.99,78,4.128,0.821
P408241,Origins,Plantscription Youth-Renewing Power Night Cream,Moisturizers,73.0,78,4.59,0.909
P504031,MARA,Evening Primrose + Green Tea Algae Retinol Face Oil,Moisturizers,120.0,78,4.949,1.0
P422428,Lancôme,Hydra Zen Anti-Stress Moisturizing Face Cream,Moisturizers,57.0,78,4.269,0.844
P481086,FaceGym,Liftwear Brightening Vitamin C Gel-Cream,Moisturizers,60.0,77,4.675,0.922
P503926,Augustinus Bader,The Face Cream Mask,Masks,215.0,77,4.416,0.87
P401158,PMD,PMD Personal Microderm with Hand & Foot Kit,High Tech Tools,159.0,77,4.649,0.984
P473336,Youth To The People,The Youth System,Value & Gift Sets,59.0,77,4.506,0.896
P500160,Naturally Serious,Mineral Sun Defense Moisturizer Broad Spectrum SPF 30,Sunscreen,36.0,77,4.377,0.909
P395723,COOLA,Classic Body Organic Sunscreen Spray SPF 50 Fragrance-Free,Sunscreen,28.0,77,4.364,0.875
P442546,Alpha-H,Balancing Cleanser,Cleansers,38.0,77,4.545,0.935
P446629,PMD,Clean Pro,High Tech Tools,149.0,77,4.286,0.844
P461161,First Aid Beauty,FAB Pharma BHA Acne Spot Treatment Gel 2% Salicylic Acid,Treatments,26.0,77,4.286,0.818
P404168,Algenist,POWER Advanced Wrinkle Fighter Moisturizer,Moisturizers,85.0,77,4.182,0.679
P483496,The Ordinary,Salicylic Acid 2% Exfoliating Blemish Solution,Treatments,6.5,76,4.171,0.816
P475188,TULA Skincare,Instant De-Puff Eye Renewal Serum,Treatments,58.0,76,4.211,0.829
P476678,FaceGym,Face Coach Lifting Squalane Face Oil,Moisturizers,70.0,76,4.605,0.961
P469478,INC.redible,Party Recharge Hydrating Hyaluronic Under Eye Masks,Eye Care,20.0,76,3.684,0.632
P411360,Dr. Dennis Gross Skincare,Hyaluronic Marine Hydrating Modeling Mask,Masks,52.0,76,4.092,0.769
P502169,Skinfix,Barrier+ Besties Hydrating and Nourishing Kit,Value & Gift Sets,40.0,76,4.724,0.961
P504059,MARA,Chlorella + Reishi Sea Vitamin C Sérum,Treatments,96.0,76,4.882,1.0
P379704,Tata Harper,Retinoic Nutrient Face Oil With Vitamin A,Moisturizers,165.0,75,4.2,0.841
P454090,Moon Juice,Cosmic Cream Collagen Protecting Moisturizer,Moisturizers,58.0,75,3.467,0.573
P474972,The INKEY List,Symbright Brightening Moisturizer,Moisturizers,13.99,75,3.347,0.573
P406941,Clarins,Multi-Active Anti-Aging Day Moisturizer with SPF 20 for Glowing Skin,Moisturizers,59.0,75,3.747,0.742
P454395,fresh,Mini Lotus Youth Preserve Moisturizer,Mini Size,21.0,75,3.773,0.733
P465808,SEPHORA COLLECTION,4 Piece Facial Razor Set,High Tech Tools,12.0,75,3.44,0.587
P434340,Mount Lai,De-Puffing Rose Quartz Facial Roller,Wellness,40.0,75,4.0,0.733
P447597,The Ordinary,100% Organic Virgin Chia Seed Oil,Moisturizers,8.5,75,4.173,0.8
P467028,Kate Somerville,Glow In A Wink ExfoliKate Bestsellers Set,Value & Gift Sets,72.0,75,4.907,0.987
P475906,Augustinus Bader,The Eye Cream with  TFC8,Eye Care,220.0,75,4.227,0.813
P440502,Mario Badescu,Hyaluronic Eye Cream,Eye Care,18.0,75,3.24,0.52
P473723,Saint Jane Beauty,Hydrating Petal Cream – 1% Pure Hyaluronic Acid Moisturizer,Moisturizers,68.0,75,4.573,0.88
P502741,The INKEY List,SuperSolutions 10% Azelaic Serum Redness Relief Solution,Treatments,17.99,74,3.878,0.703
P469513,Paula's Choice,CLEAR Pore Normalizing Acne Cleanser,Cleansers,15.0,74,4.149,0.77
P481834,Sulwhasoo,Concentrated Ginseng Renewing Cream Classic,Moisturizers,260.0,74,4.824,0.973
P476540,Isle of Paradise,Pro Glow Spray Tan Kit,Value & Gift Sets,30.0,74,4.095,0.784
P404232,Kate Somerville,DermalQuench +Retinol Advanced Resurfacing Treatment,Treatments,110.0,74,4.054,0.739
P480603,First Aid Beauty,2-in-1 Cleansing Oil + Makeup Remover,Cleansers,26.0,74,3.608,0.622
P475143,NUDESTIX,NUDESKIN 3-Step: Citrus Renew Set For Makeup,Value & Gift Sets,29.0,73,3.753,0.822
P480444,Farmacy,Honey Potion Plus Ceramide Hydration Mask,Masks,60.0,73,3.959,0.699
P440486,Mario Badescu,Glycolic Acid Toner,Cleansers,18.0,73,4.151,0.767
P476893,NUDESTIX,NUDESKIN Citrus-C Mask & Daily Moisturizer,Moisturizers,39.0,73,4.26,0.89
P440485,Mario Badescu,Enzyme Cleansing Gel,Cleansers,14.0,72,3.75,0.653
P501316,TULA Skincare,Beauty Sleep Overnight Repair Treatment Cream with AHA's and Vitamin C,Moisturizers,68.0,72,4.042,0.847
P417107,La Mer,The Moisturizing Soft Lotion,Moisturizers,320.0,71,4.07,0.806
P476674,FaceGym,Electro-Lite Enzyme Brightening Gel Cleanser,Cleansers,38.0,71,4.789,0.958
P437960,Wander Beauty,Baggage Claim Rose Gold Eye Masks,Eye Care,26.0,71,4.099,0.761
P474957,Isle of Paradise,Night Glow Self-Tan Face Mist,Self Tanners,24.0,71,3.761,0.69
P447783,Dr. Barbara Sturm,Cleanser,Cleansers,75.0,70,4.2,0.786
P479840,First Aid Beauty,Hydrating Eye Cream with Hyaluronic Acid,Eye Care,30.0,70,3.843,0.729
P469087,Fenty Skin,Flash Nap Instant Revival Priming Eye Gel-Cream With Green Tea + Persian Silk Tree,Eye Care,36.0,70,3.514,0.614
P397625,Dr. Jart+,Dermask Micro Jet Brightening Solution,Masks,9.0,70,4.057,0.756
P450210,fresh,Vitamin Nectar Glow Juice Antioxidant Face Serum,Treatments,28.0,70,3.971,0.714
P437477,REN Clean Skincare,Stop Being So Sensitive Evercalm Kit,Value & Gift Sets,34.0,69,3.609,0.681
P500705,FaceGym,Skin Changer Succinic Acid Essence-Toner,Cleansers,48.0,69,4.768,0.971
P232920,Kate Somerville,Line Release Under Eye Repair Cream,Eye Care,140.0,69,3.913,0.778
P476675,FaceGym,Hydro-Bound Hyaluronic Acid + Niacinamide Serum,Treatments,68.0,69,4.638,0.971
P502710,The INKEY List,SuperSolutions 20% Niacinamide Serum,Treatments,17.99,69,3.855,0.754
P448562,Skinfix,Barrier+ Foaming Clay Cleanser,Cleansers,32.0,69,4.449,0.841
P388982,HUM Nutrition,Big ChillAdaptogenStress Management Supplement,Wellness,25.0,69,4.261,0.75
P457002,Moon Juice,SuperBeauty Daily Antioxidant SkinSupplement,Wellness,60.0,69,4.87,0.957
P441045,Herbivore,Rose Quartz Gua Sha,Wellness,25.0,68,3.897,0.706
P444968,Mario Badescu,"Mini Facial Spray with Aloe, Cucumber and Green Tea",Mini Size,5.0,68,3.838,0.721
P481408,CANOPY,The Canopy Humidifier Starter Set,High Tech Tools,150.0,68,4.441,0.853
P452004,Herbivore,Rose Hibiscus Hydrating Mist,Moisturizers,36.0,68,4.059,0.765
P478020,Naturally Serious,Lemon-Aid Makeup-Removing Cleansing Gel,Cleansers,19.0,67,4.552,0.881
P406942,Clarins,Multi-Active Anti-Aging Night Moisturizer for Glowing Skin,Moisturizers,62.0,67,4.254,0.767
P449156,Jillian Dempsey,Gold Sculpting Bar,Wellness,195.0,67,4.433,0.866
P501017,FaceGym,Brightening Active Roller with Vitamin C,High Tech Tools,70.0,67,4.761,0.97
P448710,Dr. Brandt Skincare,pores no more Pore Purifying Cleanser,Cleansers,38.0,67,4.254,0.806
P475189,TULA Skincare,Secret Solutions Pro-Glycolic 10% Resurfacing Toner,Cleansers,46.0,67,4.134,0.806
P469454,Danessa Myricks Beauty,Beauty Oil with Gold Leaf,Moisturizers,30.0,67,4.627,0.881
P461521,SEPHORA COLLECTION,Clean Hand Mask,Masks,5.0,67,3.642,0.642
P417118,La Mer,The Broad Spectrum SPF 50 UV Protecting Fluid,Sunscreen,105.0,67,4.254,0.783
P447789,Dr. Barbara Sturm,Sun Drops SPF 50,Sunscreen,150.0,67,2.716,0.358
P501790,Wishful,Pillowgasm Vitamin-Rich Cherry Glow Sleep Mask,Masks,39.0,66,4.424,0.909
P469831,Hourglass,Equilibrium Intensive Hydrating Eye Balm,Eye Care,82.0,66,4.53,0.894
P504524,Glossier,Milky Jelly Gentle Gel Face Cleanser,Cleansers,19.0,66,3.97,0.758
P469515,Paula's Choice,CLEAR Daily Skin Clearing Treatment with 2.5% Benzoyl Peroxide,Treatments,22.0,66,4.833,0.955
P461162,First Aid Beauty,FAB Pharma White Clay Acne Treatment Pads 2% Salicylic Acid,Treatments,30.0,65,4.569,0.908
P455217,SEPHORA COLLECTION,Gradual Self-Tanning Face Gel,Sunscreen,17.0,65,3.831,0.708
P433884,Dr. Jart+,Dermask Ultra Jet Peeling Solution,Treatments,9.0,65,4.246,0.8
P442841,Skinfix,Barrier+ Lip Repair Balm,Lip Balms & Treatments,15.0,65,3.046,0.462
P424984,TAN-LUXE,HYDRA MOUSSE Hydrating Self-Tan Mousse,Self Tanners,49.0,65,4.077,0.8
P386760,HUM Nutrition,OMG! Omega The Great Fish Oil Supplement,Wellness,30.0,65,4.308,0.833
P474122,StriVectin,Advanced Retinol Nightly Renewal Face Moisturizer with Retinol,Moisturizers,119.0,65,4.785,0.985
P386764,HUM Nutrition,Uber Energy Adrenal Fatigue and Adaptogen Supplement,Wellness,26.0,65,3.538,0.412
P427729,Dior,Capture Youth Age-Delay Advanced Crème,Moisturizers,110.0,64,3.922,0.703
P474109,StriVectin,Daily Reveal  Exfoliating Face Pads with AHA + BHA + PHA + TXA,Treatments,45.0,64,4.75,0.953
P478021,Naturally Serious,Sleepover Retin-Oil Nighttime Treatment,Treatments,39.0,64,4.766,0.969
P481390,Paula's Choice,Omega+ Complex Moisturizer,Moisturizers,37.0,64,4.328,0.828
P407381,CLINIQUE,Sun-Kissed Face Gelee Complexion Multitasker Bronzer,Self Tanners,34.0,64,4.297,0.792
P432662,Herbivore,Rose Quartz Facial Roller,Wellness,40.0,63,3.095,0.508
P439626,fresh,Black Tea Firming Eye Serum,Eye Care,72.0,63,3.762,0.635
P409834,Origins,Plantscription SPF 25 Power Anti-Aging Cream,Moisturizers,73.0,63,4.254,0.824
P481710,Hyper Skin,Fade and Glow AHA Mask,Masks,48.0,63,4.476,0.889
P397626,Dr. Jart+,Dermask Intra Jet Wrinkless Solution,Masks,9.0,63,3.619,0.641
P456957,SEPHORA COLLECTION,Clarifying Serum,Treatments,20.0,63,4.222,0.81
P386757,HUM Nutrition,Wing Man Liver Detox and Dark Circle Supplement,Wellness,26.0,63,3.825,0.646
P472024,DAMDAM,Skin Mud Pure Vitamin C Brightening Mask,Masks,48.0,62,4.742,0.968
P440501,Mario Badescu,Seaweed Night Cream,Moisturizers,22.0,62,3.839,0.71
P421249,La Mer,The Moisturizing Matte Lotion,Moisturizers,320.0,62,4.226,0.793
P375864,SK-II,Brightening Derm Revival Mask,Masks,170.0,62,4.419,0.833
P469527,Paula's Choice,The UnScrub Gentle Cleansing Scrub,Cleansers,35.0,62,4.548,0.919
P483060,Clarins,Lip Comfort Hydrating Oil,Lip Balms & Treatments,28.0,62,4.29,0.823
P502756,The INKEY List,SuperSolutions 10% Urea Moisturizer Textured Skin Solution,Moisturizers,19.99,62,4.194,0.839
P482754,TULA Skincare,Mineral Magic Oil-Free Mineral Sunscreen Fluid Broad Spectrum SPF 30,Sunscreen,38.0,62,4.355,0.871
P440489,Mario Badescu,Glycolic Foaming Cleanser,Cleansers,16.0,61,4.18,0.803
P433522,Charlotte Tilbury,Goddess Clay Mask,Masks,58.0,61,4.311,0.803
P406529,Estée Lauder,Advanced Night Micro Cleansing Balm,Cleansers,48.0,61,4.639,0.806
P502640,Dr. Brandt Skincare,Microdermabrasion Renewing Age-Defying Face Exfoliator,Cleansers,79.0,61,4.852,0.984
P442734,L'Occitane,Immortelle Reset Overnight Reset Oil-In Serum,Treatments,65.0,61,4.508,0.885
P375854,SK-II,Ultimate Revival Cream,Moisturizers,400.0,60,4.467,1.0
P467969,PMD,Personal Microderm Elite Pro,High Tech Tools,299.0,60,4.667,0.917
P469516,Paula's Choice,CLEAR Ultra-Light Daily Hydrating Fluid SPF 30+,Sunscreen,37.0,59,4.492,0.881
P405827,FOREO,IRIS Illuminating Eye Massager,Eye Care,149.0,59,3.542,0.654
P454376,tarte,knockout daily exfoliating cleanser,Cleansers,12.0,59,3.898,0.746
P419466,St. Tropez,Tan Build Up Remover Mitt,Self Tanners,9.0,59,4.949,0.983
P398500,PMD,Personal Microderm,High Tech Tools,159.0,59,4.322,0.841
P469544,The INKEY List,C-50 Blemish Night Treatment,Treatments,15.99,59,4.186,0.797
P477202,Moon Juice,Ting Energy + Metabolism Non-Stim Supplement With Ginseng,Wellness,42.0,59,4.593,0.898
P448554,Dr. Barbara Sturm,Enzyme Cleanser,Cleansers,75.0,58,3.828,0.707
P455919,KORRES,MenoReverse Volumizing Serum-in-Moisturizer,Moisturizers,45.0,58,4.052,0.672
P173622,Shiseido,Benefiance Pure Retinol Intensive Revitalizing Face Mask,Masks,70.0,58,4.431,1.0
P467970,PMD,Clean Pro Obsidian,High Tech Tools,179.0,58,4.707,0.931
P442747,St. Tropez,Self Tan Purity Water Gel,Self Tanners,44.0,58,3.31,0.517
P454385,Supergoop!,Mini PLAY Everyday Sunscreen Lotion SPF 30 PA++++,Sunscreen,34.0,57,4.333,0.842
P482068,Saint Jane Beauty,Sacred Sleep Overnight Repair with Retinol,Treatments,70.0,57,4.754,0.947
P473728,SEPHORA COLLECTION,Reusable Cotton Pads,Cleansers,10.0,57,3.825,0.684
P467651,SEPHORA COLLECTION,Pores Target Serum,Treatments,20.0,56,4.196,0.768
P444964,La Mer,The Lip Volumizer,Lip Balms & Treatments,85.0,56,3.554,0.625
P376135,Lancôme,Rénergie Lift Multi-Action Night Cream,Moisturizers,160.0,56,4.357,0.829
P475184,TULA Skincare,Hello Radiance Illuminating Serum,Treatments,68.0,55,4.218,0.8
P469525,Paula's Choice,Omega+ Complex Serum,Treatments,42.0,55,4.055,0.745
P501587,CAY SKIN,Deepwater Nourishing Lip Mask with Sea Moss and Aloe Stem Cells,Lip Balms & Treatments,22.0,55,4.582,0.891
P475197,TULA Skincare,Balancing Act Purifying & pH Balancing Biodegradable Toner Pads,Cleansers,36.0,55,4.055,0.818
P417111,La Mer,The Eye Balm Intense,Eye Care,260.0,55,3.582,0.574
P481060,BeautyBio,The Eyelighter Concentrate,Eye Care,58.0,55,4.691,0.945
P469832,Hourglass,Equilibrium Rebalancing Cream Cleanser,Cleansers,52.0,55,4.4,0.891
P505316,Herbivore,Aquarius BHA + Blue Tansy Clarity Cleanser,Cleansers,26.0,55,4.927,1.0
P469514,Paula's Choice,CLEAR Anti-Redness Exfoliating Solution with 2% Salicylic Acid,Cleansers,34.0,55,4.709,0.945
P468818,CLINIQUE,Mini Moisture Surge 100H Auto-Replenishing Hydrator Moisturizer,Mini Size,16.0,55,4.218,0.855
P505133,MACRENE actives,High Performance Face Cleanser for Clear Skin with Niacinamide,Cleansers,85.0,55,4.927,1.0
P423264,Dior,One Essential Skin Boosting Super Serum,Treatments,110.0,54,4.389,0.852
P460746,Tatcha,Aburatorigami Japanese Blotting Papers,Cleansers,14.0,54,4.407,0.907
P475195,TULA Skincare,Protect + Plump Firming & Hydrating Face Moisturizer,Moisturizers,64.0,54,3.963,0.833
P504446,RANAVAT,Restoring Moonseed Treatment - L’Immortale Empress,Moisturizers,125.0,54,4.722,1.0
P458964,goop,G.Tox Ultimate Dry Brush,High Tech Tools,25.0,54,3.981,0.722
P448711,Dr. Barbara Sturm,Face Mask,Masks,125.0,54,4.519,0.87
P476676,FaceGym,Youth Reformer Firming Vitamin C Oil Serum,Treatments,110.0,53,4.962,0.981
P502848,FOREO,LUNA 4 go Facial Cleansing & Massaging Device,High Tech Tools,129.0,53,4.811,0.943
P504199,MARA,Plankton + PHAFlower Acid Algae Serum,Treatments,74.0,53,4.849,0.981
P474956,Isle of Paradise,Day Dew Self-Tan Face Mist,Self Tanners,24.0,53,4.189,0.849
P383054,Dr. Brandt Skincare,Do Not Age with Dr. Brandt Transforming Pearl Serum,Treatments,152.0,53,4.17,0.733
P440309,Mount Lai,Amethyst Roller,Wellness,46.0,53,4.377,0.83
P446612,Charlotte Tilbury,Instant Magic Facial Dry Sheet Mask,Masks,25.0,53,3.491,0.604
P474970,Paula's Choice,Hyaluronic Acid + Peptide Lip Treatment Booster,Lip Balms & Treatments,32.0,52,4.154,0.731
P472466,fresh,Mini Rose & Hyaluronic Acid Deep Hydration Moisturizer,Moisturizers,18.0,52,3.981,0.712
P422648,Estée Lauder,DayWear Matte Oil-Control Anti-Oxidant Moisturizer Gel Creme,Moisturizers,59.0,52,4.481,0.846
P484055,LANEIGE,Water Bank Blue Hyaluronic Hydration Set,Value & Gift Sets,45.0,52,4.019,0.712
P471566,OLEHENRIKSEN,Mini Lemonade Smoothing Scrub,Mini Size,18.0,52,4.192,0.808
P459116,LANEIGE,Mini Cream Skin Toner & Moisturizer,Mini Size,15.0,52,4.308,0.846
P469833,Hourglass,Equilibrium Restoring Essence,Moisturizers,65.0,52,4.769,0.962
P475192,TULA Skincare,So Poreless Deep Exfoliating Blackhead Scrub,Cleansers,34.0,52,3.904,0.769
P474111,StriVectin,Super-C SPF 30 Vitamin C Face Moisturizer,Moisturizers,69.0,52,4.654,0.962
P455341,COOLA,Classic Body Organic Sunscreen Spray SPF 70 Peach Blossom,Sunscreen,28.0,52,4.269,0.808
P383308,Kate Somerville,Age Arrest Eye Cream,Eye Care,98.0,51,3.745,0.667
P505142,MACRENE actives,High Performance Eye Cream for Dark Circles with Hyaluronic Acid,Eye Care,135.0,51,4.843,0.98
P475183,TULA Skincare,So Polished Exfoliating Sugar Scrub,Cleansers,34.0,51,4.333,0.922
P423159,Moon Juice,Brain Dust,Wellness,38.0,51,3.961,0.765
P449835,tarte,Mini Maracuja Oil,Mini Size,16.0,50,3.84,0.72
P504313,Youth To The People,Peptides + C Energy Eye Concentrate with Vitamin C and Caffeine,Eye Care,48.0,50,4.78,0.98
P472341,Tata Harper,Superkind Fragrance-Free Fortifying Moisturizer,Moisturizers,130.0,50,4.58,0.88
P408678,GUERLAIN,Midnight Secret Late Night Recovery Treatment Anti-Fatigue Serum,Treatments,32.0,49,4.102,0.686
P448563,CLINIQUE,Clinique Smart Clinical MD Multi-Dimensional Age Transformer Revolumize,Moisturizers,74.0,49,3.327,0.49
P397627,Dr. Jart+,Dermask Intra Jet Firming Solution,Masks,9.0,49,3.306,0.579
P440494,Mario Badescu,Vitamin C Serum,Treatments,45.0,49,4.082,0.776
P477413,iNNBEAUTY PROJECT,GREEN MACHINE insta-glo resurfacing acid mask,Masks,30.0,49,4.653,0.939
P455610,IT Cosmetics,Confidence in a Neck Cream,Moisturizers,54.0,48,3.542,0.583
P475204,TULA Skincare,Sensitive Skin Treatment Drops Calming Vitamin B Serum,Treatments,48.0,48,4.104,0.833
P472343,Tata Harper,Superkind Fragrance-Free Softening Cleanser,Cleansers,88.0,48,4.542,0.875
P454315,Moon Juice,Milk Cleanse Gentle Foaming Cleanser,Cleansers,32.0,48,4.396,0.896
P447790,Dr. Barbara Sturm,Anti-Pollution Drops,Treatments,150.0,48,3.604,0.625
P473724,SEPHORA COLLECTION,Vitamin Tonic,Cleansers,6.0,48,4.688,0.979
P476680,FaceGym,Face Ball Tension Release Tool,High Tech Tools,35.0,48,4.521,0.917
P444969,Mario Badescu,"Mini Facial Spray with Aloe, Chamomile and Lavender",Mini Size,5.0,48,3.792,0.667
P480191,StriVectin,Contour Restore Tightening & Sculpting Moisturizing Face Cream,Moisturizers,99.0,48,4.771,0.979
P435801,belif,Aqua Bomb Mist,Moisturizers,38.0,48,4.104,0.792
P452002,COOLA,Classic Face Sunscreen SPF 50 White Tea,Sunscreen,32.0,47,3.915,0.681
P427641,IT Cosmetics,Mini Confidence in a Cream Hydrating Moisturizer,Moisturizers,20.0,47,3.681,0.638
P504794,Glossier,After Baume Moisture Barrier Recovery Cream,Moisturizers,28.0,47,4.085,0.766
P474115,StriVectin,Peptight  Tightening & Brightening Face Serum,Treatments,99.0,47,4.809,1.0
P500399,CAY SKIN,Isle Glow Body Lotion SPF 45 with Sea Moss and Cocoa Seed Butter,Sunscreen,38.0,47,4.617,0.915
P469508,Paula's Choice,Hyaluronic Acid Booster,Treatments,39.0,47,4.426,0.872
P431416,La Mer,The Replenishing Oil Exfoliator,Cleansers,135.0,47,4.66,0.872
P469504,Paula's Choice,Skin Perfecting 8% AHA Gel Exfoliant,Cleansers,34.0,47,4.617,0.915
P474116,StriVectin,Peptight  360˚ Tightening Eye Serum,Eye Care,72.0,47,4.489,0.915
P456989,TAN-LUXE,Super Glow Body Hyaluronic Self-Tan Serum,Self Tanners,49.0,47,3.681,0.681
P433617,Shiseido,Deep Cleansing Foam,Cleansers,36.0,47,4.213,0.766
P475193,TULA Skincare,Wrinkle Treatment Drops Retinol Alternative Serum,Treatments,68.0,47,4.298,0.872
P442001,Dr. Brandt Skincare,Hyaluronic Facial Cream,Moisturizers,72.0,46,3.826,0.717
P445726,SEPHORA COLLECTION,Firming Night Cream with Peptides,Moisturizers,18.0,46,4.022,0.717
P456997,Dr. Barbara Sturm,Night Serum,Treatments,310.0,46,4.696,0.935
P399934,Estée Lauder,NightWear Plus Anti-Oxidant Night Detox Moisturizer Creme,Moisturizers,63.0,46,4.239,0.739
P482740,Shiseido,Mini Urban Environment Oil-Free Sunscreen Broad-Spectrum SPF 42,Sunscreen,35.0,46,4.435,0.87
P386762,HUM Nutrition,Here Comes The Sun Vitamin D Immune System Support Supplement,Wellness,12.0,46,4.652,0.962
P455215,SEPHORA COLLECTION,Illuminating Hydrator - Radiance + Smoothing,Moisturizers,17.0,46,3.326,0.522
P475186,TULA Skincare,Revive + Rewind Revitalizing Eye Cream,Eye Care,52.0,46,4.239,0.87
P417114,La Mer,The Cleansing Micellar Water,Cleansers,95.0,45,4.2,0.805
P409816,Origins,Plantscription SPF 25 Power Anti-Aging Oil-Free Cream,Moisturizers,73.0,45,4.4,0.833
P474107,StriVectin,Hyaluronic Tripeptide Gel-Cream for Eyes,Eye Care,65.0,45,4.689,0.844
P461947,Kiehl's Since 1851,Calendula Petal-Infused Calming Mask with Aloe Vera,Masks,47.0,45,4.511,0.889
P417243,La Mer,The Tonic,Cleansers,95.0,45,4.133,0.795
P449836,tarte,Mini SEA Deep Dive Cleansing Gel,Mini Size,12.0,45,4.289,0.844
P475196,TULA Skincare,So Smooth Resurfacing & Brightening Fruit Enzyme Mask,Masks,36.0,44,4.25,0.932
P481743,StriVectin,Peptight Tightening Neck Serum Roller,High Tech Tools,79.0,44,4.795,0.977
P480986,SEPHORA COLLECTION,Firming Eye Cream with Peptides,Eye Care,18.0,44,4.136,0.795
P469526,Paula's Choice,Water-Infusing Electrolyte Moisturizer,Moisturizers,37.0,44,3.727,0.614
P375354,Dior,Capture Totale Intensive Night Restorative Crème,Moisturizers,175.0,44,4.455,0.846
P476736,Tata Harper,Superkind Fragrance-Free Bio-Barrier Serum,Treatments,146.0,44,4.727,0.977
P469512,Paula's Choice,CLINICAL Ceramide-Enriched Firming Eye Cream,Eye Care,49.0,43,4.116,0.814
P433461,Lancôme,Rose Sugar Scrub,Cleansers,34.0,42,3.762,0.69
P470048,Origins,Bestsellers Recruitment Set,Value & Gift Sets,29.0,42,3.881,0.69
P459140,Isle of Paradise,Self-Tanning Water Refill,Self Tanners,24.0,42,3.619,0.643
P481742,StriVectin,Advanced Retinol Daily Repair Face Moisturizer Broad Spectrum SPF 30,Moisturizers,99.0,42,4.714,0.952
P475590,Origins,MINI GINZING VITAMIN C EYE CREAM TO BRIGHTEN AND DEPUFF,Eye Care,29.0,42,3.429,0.571
P409920,CLINIQUE,Clarifying Lotion 1.0 Twice A Day Exfoliator,Cleansers,32.0,42,3.643,0.778
P416538,La Mer,The Lifting and Firming Mask,Masks,300.0,42,4.286,0.775
P482007,innisfree,Dewy Glow Jam Cleanser with Jeju Cherry Blossom,Cleansers,13.0,42,4.31,0.881
P504050,StriVectin,Advanced Retinol Nightly Multi Correct Serum,Treatments,99.0,42,4.786,0.976
P455897,The Ordinary,Ethylated Ascorbic Acid 15% Solution,Treatments,20.0,42,4.0,0.738
P504218,Tatcha,Dewy Cleanse + Hydrate Duo,Value & Gift Sets,27.0,42,4.548,0.905
P459835,Charlotte Tilbury,Mini Charlotte’s Magic Serum with Vitamin C,Mini Size,30.0,41,3.146,0.463
P477714,SEPHORA COLLECTION,Black Obsidian Face and Body Gua Sha,High Tech Tools,14.0,41,4.024,0.756
P482312,SEPHORA COLLECTION,Facial Razor Set,High Tech Tools,12.0,41,4.415,0.854
P475200,TULA Skincare,Your Best Skin at Every Age Firming & Smoothing Discovery Kit,Value & Gift Sets,66.0,41,3.829,0.707
P472031,First Aid Beauty,FAB Pharma Calamine Pore Purging Mask,Masks,30.0,41,4.537,0.854
P440496,Mario Badescu,Buffering Lotion,Cleansers,19.0,41,3.951,0.756
P504040,MARA,Spirulina + Ashwagandha Volcanic Sea Clay Detox Masque,Masks,54.0,41,4.878,1.0
P392892,Estée Lauder,Nutritious Super-Pomegranate Radiant Energy Moisturizer Creme,Moisturizers,70.0,41,3.878,0.571
P502758,StriVectin,Super-C Dark Circle Brightening Eye Serum,Eye Care,65.0,40,4.55,0.925
P441645,COOLA,Sunless Tan Firming Lotion,Self Tanners,46.0,40,4.25,0.85
P472022,DAMDAM,Paradisi Hydrating Essence Mist,Moisturizers,48.0,40,4.5,0.95
P476436,PMD,Clean Pro Jade,High Tech Tools,179.0,40,4.825,0.975
P474118,StriVectin,Intensive Eye Cream Concentrate for Wrinkles PLUS,Eye Care,72.0,40,4.425,0.875
P309409,CLINIQUE,Repairwear Uplifting Firming Cream,Moisturizers,74.0,40,3.65,0.571
P471062,Peter Thomas Roth,Full-Size Water Drench Hydra-Pair 2-Piece Kit,Value & Gift Sets,58.0,40,4.6,0.9
P470049,REN Clean Skincare,Clearcalm Clarifying Clay Cleanser,Cleansers,38.0,40,4.6,0.9
P458733,SEPHORA COLLECTION,Mini Rose Quartz Facial Roller,Wellness,12.0,40,3.7,0.675
P469085,SEPHORA COLLECTION,Face Mask Applicator,Masks,10.0,39,4.333,0.821
P484033,Biossance,Mini Squalane + Vitamin C Rose Firming Oil,Moisturizers,40.0,39,4.205,0.795
P442745,Origins,Plantscription Retinol Night Moisturizer,Moisturizers,73.0,39,4.538,0.872
P479688,SEPHORA COLLECTION,AHA Peeling Masks,Masks,10.0,39,3.692,0.692
P474376,TAN-LUXE,Mini THE FACE Illuminating Self-Tan Drops,Self Tanners,25.0,39,3.692,0.667
P433469,Algenist,ELEVATE Advanced Retinol Serum,Treatments,98.0,39,4.103,0.769
P504208,LANEIGE,Midnight to Morning Hydration Set,Value & Gift Sets,21.0,39,4.179,0.821
P438648,BeautyBio,The Quench Quadralipid Rapid Recovery Facial Moisturizer,Moisturizers,129.0,39,3.846,0.641
P460010,TWEEZERMAN,Prep & Plane Facial Razors,High Tech Tools,10.0,38,2.711,0.421
P447787,Dr. Barbara Sturm,Super Anti-Aging Serum,Treatments,370.0,38,3.368,0.632
P468652,FOREO,UFO 2,High Tech Tools,299.0,38,4.395,0.868
P417323,CLINIQUE,Fresh Pressed Renewing Powder Cleanser with Pure Vitamin C,Cleansers,39.0,38,4.368,0.829
P454937,Dr. Barbara Sturm,Mini Super Anti-Aging Serum,Mini Size,130.0,38,3.368,0.632
P500445,Iconic London,Prep Set Tan Tanning Mist with Hyaluronic Acid,Self Tanners,29.0,38,4.289,0.816
P501004,FaceGym,Youthful Active Roller with Niacinamide,High Tech Tools,70.0,38,4.632,0.895
P442263,Dr. Brandt Skincare,needles no more 3-D LIP PLUMPFIX,Lip Balms & Treatments,39.0,38,2.895,0.5
P475187,TULA Skincare,Firm Up Deep Wrinkle Serum,Treatments,84.0,38,4.158,0.842
P420638,Algenist,ELEVATE Advanced Lift Contouring Cream,Moisturizers,96.0,37,4.324,0.786
P468143,goop,GOOPGENES All-In-One Super Nutrient Face Oil,Moisturizers,98.0,37,3.568,0.622
P457519,Peter Thomas Roth,Water Drench Hyaluronic Cloud Hydrating Eye Gel,Eye Care,43.0,37,3.459,0.568
P476681,FaceGym,Hyaluronic Acid Roller Dissolving Microneedling Tool,High Tech Tools,95.0,37,4.676,0.919
P471064,Peter Thomas Roth,Max Matte Shine Control Sunscreen Broad Spectrum SPF 45,Sunscreen,38.0,37,2.486,0.324
P446908,Estée Lauder,Advanced Night Repair Treatment Intense Reset Concentrate,Treatments,92.0,37,4.459,0.838
P468671,innisfree,Clarifying Cleansing Foam with Bija Seed Oil,Cleansers,12.0,37,4.216,0.73
P482694,LANEIGE,Mini Water Bank Blue Hyaluronic Cream Moisturizer,Moisturizers,23.0,37,3.514,0.676
P476485,Fenty Skin,Hydra Vizor Invisible Moisturizer Broad Spectrum SPF 30 Sunscreen with Niacinamide Refill,Moisturizers,35.0,37,4.486,0.865
P469518,Paula's Choice,RESIST Barrier Repair Moisturizer with Retinol,Moisturizers,37.0,37,4.324,0.811
P440491,Mario Badescu,Botanical Exfoliating Scrub,Cleansers,26.0,37,4.541,0.892
P480300,FaceGym,Faceshot Electric Microneedling Device + Vitamin Ampoules,Value & Gift Sets,275.0,37,4.541,0.919
P202935,Shiseido,Benefiance NutriPerfect Night Cream,Moisturizers,97.0,36,4.472,0.75
P470533,Isle of Paradise,Blending Brush,Self Tanners,24.0,36,4.806,0.944
P423165,Shiseido,Future Solution LX Eye and Lip Contour Regenerating Cream,Eye Care,155.0,36,4.083,0.778
P446820,SEPHORA COLLECTION,Grapefruit Peeling Mask - Skin Perfection,Masks,8.0,36,3.444,0.639
P482755,TULA Skincare,Claydate Detoxifying & Toning Face Mask Stick,Masks,36.0,36,4.333,0.917
P379009,Lancôme,Rénergie Lift Multi-Action Day Cream with SPF 15 - All Skin Types,Moisturizers,135.0,36,3.778,0.579
P423143,Dermalogica,Stress Positive Eye Lift Mask,Eye Care,74.0,36,4.167,0.778
P471085,SEPHORA COLLECTION,Targeted Dark Spots Serum,Treatments,20.0,36,3.611,0.722
P447409,tarte,Mini Baba Bomb Moisturizer,Mini Size,14.0,36,4.111,0.75
P461195,SEPHORA COLLECTION,Clean Hemp Mask,Masks,5.5,36,3.889,0.667
P481401,RANAVAT,Hydrating Jasmine Mist - Royal Refresh,Moisturizers,45.0,35,4.457,0.886
P405286,CLINIQUE,Smart Broad Spectrum SPF 15 Custom-Repair Moisturizer for Dry Combination Skin,Moisturizers,64.0,35,4.314,0.833
P433524,Charlotte Tilbury,Multi-Miracle Glow Cleansing Balm,Cleansers,60.0,35,4.143,0.829
P440492,Mario Badescu,Buttermilk Moisturizer,Moisturizers,18.0,35,3.971,0.743
P456990,Algenist,Mini GENIUS Liquid Collagen,Mini Size,25.0,35,3.4,0.543
P417115,La Mer,The Intensive Revitalizing Mask,Masks,200.0,35,4.457,0.818
P416728,Dior,Dreamskin Skin Perfector Refill,Treatments,102.0,35,4.571,0.879
P471547,Drunk Elephant,Mini Beste No. 9 Jelly Cleanser,Mini Size,16.0,35,4.143,0.771
P504134,MARA,Sea Silk Lip Balm,Lip Balms & Treatments,26.0,35,4.429,0.8
P483151,SEPHORA COLLECTION,Vitamin Eye Masks,Eye Care,3.5,35,3.943,0.743
P428423,Shiseido,Refreshing Cleansing Sheets,Cleansers,20.0,34,4.176,0.765
P442548,Alpha-H,Mini Liquid Gold Exfoliating Treatment with Glycolic Acid,Mini Size,22.0,34,4.0,0.706
P503562,BeautyBio,GLOfacial Hydro-Infusion Pore Cleansing + Blue LED Clarifying Tool,Value & Gift Sets,199.0,34,4.029,0.794
P470245,ROSE Ingleton MD,Complexion Brightening Booster Serum,Treatments,70.0,34,4.5,0.912
P444615,Mario Badescu,Witch Hazel & Rosewater Toner,Cleansers,14.0,34,4.088,0.765
P422253,Kiehl's Since 1851,Rare Earth Pore Refining Tonic,Cleansers,25.0,33,3.576,0.636
P443375,Shiseido,White Lucent Brightening Gel Cream,Moisturizers,75.0,33,3.485,0.576
P436378,Kiehl's Since 1851,Dermatologist Solutions Centella Sensitive Cica-Cream,Moisturizers,46.0,33,4.515,0.879
P457441,SEPHORA COLLECTION,The Clarifying Kit,Value & Gift Sets,20.0,33,4.667,0.939
P470247,ROSE Ingleton MD,Blemish Control Booster Serum,Treatments,70.0,33,4.818,0.97
P428422,Shiseido,Oil Control Blotting Paper,Cleansers,20.0,33,3.97,0.758
P440499,Mario Badescu,Silver Powder,Treatments,12.0,33,4.394,0.909
P454514,Murad,"Youth Renewal Retinol Trial Kit for Smoother, Younger-Looking Skin",Value & Gift Sets,59.0,33,3.788,0.697
P446518,Bobbi Brown,Soothing Face Cleanser Oil,Cleansers,53.0,32,4.406,0.813
P470510,Augustinus Bader,Mini The Rich Cream with TFC8 Face Moisturizer,Mini Size,92.0,32,3.688,0.594
P433440,TAN-LUXE,Wonder Oil Illuminating Self-Tan Oil,Self Tanners,69.0,32,3.906,0.719
P433155,Isle of Paradise,Prep It Self-Tan Priming Spray,Self Tanners,24.0,32,4.031,0.813
P442748,Tata Harper,Hydrating Floral Mask,Masks,95.0,32,4.375,0.844
P455909,Mario Badescu,Facial Spray with Aloe Sage & Orange Blossom,Moisturizers,7.0,32,4.438,0.875
P417604,Dior,Hydra Life Deep Hydration Sorbet Water Essence,Treatments,80.0,32,4.344,0.786
P504880,Fenty Skin,Melt Awf Jelly Oil Makeup-Melting Cleanser,Cleansers,34.0,32,4.625,0.875
P467650,SEPHORA COLLECTION,Self-Tanning Body Mousse,Self Tanners,18.0,31,3.484,0.613
P481058,alpyn beauty,Mini Melt Moisturizer with Bakuchiol and Squalane,Moisturizers,25.0,31,4.581,0.903
P505131,MACRENE actives,Moisturizing High Performance Face Cream with Peptides,Moisturizers,225.0,31,4.71,0.968
P429676,Dior,Hydra Life Cooling Hydration Sorbet Eye Gel,Eye Care,60.0,31,3.323,0.516
P480280,Biossance,Mini Squalane + Omega Repair Deep Hydration Moisturizer,Moisturizers,20.0,31,3.258,0.581
P480358,The Nue Co.,Mini Debloat+ Anti-Bloat Supplement with Digestive Enzymes,Wellness,18.0,31,4.677,0.903
P457520,Peter Thomas Roth,FIRMx Collagen Moisturizer,Moisturizers,88.0,31,3.387,0.613
P440302,Dr. Brandt Skincare,needles no more Neck Sculpting Cream,Moisturizers,95.0,31,3.774,0.645
P410809,Algenist,ELEVATE Firming & Lifting Contouring Eye Cream,Eye Care,72.0,31,3.258,0.529
P440493,Mario Badescu,Oil Free Moisturizer Broad Spectrum SPF 30,Moisturizers,28.0,31,3.645,0.548
P505392,StriVectin,Multi Action Clear Acne Clearing Treatment Lotion for Breakouts,Treatments,49.0,31,4.903,1.0
P442860,Algenist,ALIVE Prebiotic Balancing Moisturizer SPF 15,Moisturizers,40.0,30,3.2,0.533
P483092,SEPHORA COLLECTION,Glow Peel Pads with AHA + PHA,Treatments,17.0,30,4.6,0.9
P480600,Dior,Rouge Dior Lip Balm,Lip Balms & Treatments,45.0,30,3.4,0.5
P501024,FaceGym,Hydrating Active Roller with Hyaluronic Acid,High Tech Tools,70.0,30,4.3,0.833
P440923,Dior,Capture Youth Age-Delay Advanced Eye Treatment,Eye Care,75.0,30,3.467,0.567
P448715,Dr. Barbara Sturm,Balancing Toner,Cleansers,75.0,30,4.5,0.967
P503820,Dermalogica,Daily Brightness Boosters Kit,Value & Gift Sets,49.5,30,4.833,0.967
P456204,St. Tropez,Purity Tanning Waters Mini Kit,Value & Gift Sets,25.0,30,3.2,0.533
P481973,Dr. Barbara Sturm,The Better B Niacinamide Serum,Treatments,145.0,30,4.867,0.967
P443550,Origins,Dr. Andrew Weil for Origins Mega-Mushroom Relief & Resilience Hydra Burst Gel Lotion,Moisturizers,71.0,29,4.034,0.724
P455227,REN Clean Skincare,Glow One Step Further Radiance Kit,Value & Gift Sets,28.0,29,3.931,0.724
P500982,LANEIGE,Water Bank Cleansing Foam,Cleansers,25.0,29,3.966,0.69
P457439,SEPHORA COLLECTION,Clarifying Lotion,Treatments,16.0,29,3.621,0.621
P446639,Mount Lai,Massaging Jade Textured Facial Roller,Wellness,36.0,29,3.828,0.724
P501185,Saint Jane Beauty,Luxury Lip Shine – Longwear Hydration Lip Oil with Vitamin C,Lip Balms & Treatments,28.0,29,4.655,0.897
P444470,Mount Lai,De-Puffing Rose Quartz Eye Treatment Tool,Wellness,30.0,29,4.724,0.931
P447607,Lancôme,Rose Milk Re-Hydrating Mist,Moisturizers,30.0,29,3.552,0.655
P416725,La Mer,The Revitalizing Hydrating Serum,Treatments,255.0,28,4.107,0.833
P380030,Estée Lauder,Perfectly Clean Multi-Action Toning Lotion/Refiner,Cleansers,30.0,28,4.214,0.846
P432835,KORA Organics,Rose Quartz Facial De-Puffing & Lifting Gua Sha,Wellness,63.0,28,4.071,0.75
P423690,Dermalogica,Skin Resurfacing Lactic Acid Cleanser,Cleansers,48.0,28,4.107,0.786
P500412,Iconic London,Prep Set Tan Face and Body Brush,Self Tanners,25.0,28,4.821,0.964
P504023,MARA,Algae + Zinc Sea Kale Mineral Sunscreen Sérum SPF 30,Treatments,52.0,28,4.571,0.893
P464799,Peter Thomas Roth,Potent-C Power Brightening Hydra-Gels,Eye Care,65.0,28,2.643,0.393
P471086,SEPHORA COLLECTION,Targeted Wrinkle Serum,Treatments,20.0,28,4.357,0.857
P432256,fresh,Mini Black Tea Instant Perfecting Mask,Mini Size,40.0,28,4.357,0.786
P456210,goop,GOOPGLOW 20% Vitamin C and Hyaluronic Glow Serum,Treatments,125.0,28,3.536,0.607
P473268,DERMAFLASH,MINI Precision Peach Fuzz Removal Device,Mini Size,69.0,28,3.857,0.75
P422649,Estée Lauder,Resilience Multi-Effect Night Tri-Peptide Face and Neck Moisturizer Creme,Moisturizers,110.0,27,4.185,0.741
P449150,Anastasia Beverly Hills,Hydrating Oil,Moisturizers,45.0,27,4.556,0.889
P442267,COOLA,Sunless Tan Express Sculpting Mousse,Self Tanners,48.0,27,4.0,0.704
P447608,Lancôme,Rose Sorbet Cryo-Mask,Masks,45.0,27,3.519,0.593
P503928,innisfree,Green Tea Hyaluronic Acid Face Cleanser,Cleansers,12.0,27,3.926,0.63
P481975,Dr. Dennis Gross Skincare,Alpha Beta Daily Essentials - Universal,Value & Gift Sets,92.0,27,4.63,0.963
P461200,SEPHORA COLLECTION,Clean Watermelon After Sun Mask,Masks,5.0,27,4.667,0.889
P408542,Dior,One Essential Eye Serum,Eye Care,72.0,27,4.333,0.762
P478274,goop,GOOPGENES Clean Nourishing Lip Balm Trio,Value & Gift Sets,48.0,27,3.556,0.481
P500428,Wishful,Lift & Contour 1% Bakuchiol & Peptide Eye Serum,Eye Care,45.0,26,4.0,0.692
P433621,Shiseido,Treatment Softener Enriched,Moisturizers,50.0,26,4.308,0.808
P476842,Charlotte Tilbury,Cryo-Recovery Lifting Face Mask with Acupressure Technology,High Tech Tools,55.0,26,2.808,0.423
P408273,Estée Lauder,Advanced Night Micro Cleansing Foam,Cleansers,33.0,26,3.923,0.722
P446822,SEPHORA COLLECTION,Hemp Mousse Mask - Anti-Blemish,Masks,8.0,26,3.577,0.615
P481339,Dr. Dennis Gross Skincare,Alpha Beta Daily Essentials - Extra Strength,Treatments,92.0,26,4.462,0.885
P455235,Sunday Riley,Superstars Anti-Aging Serum and Eye Kit,Value & Gift Sets,130.0,26,4.077,0.692
P439648,CLINIQUE,Clinique iD:  Moisturizer + Concentrate for Pores & Uneven Texture,Moisturizers,41.0,26,3.154,0.462
P444990,Isle of Paradise,Blend It Multi-Purpose Self-Tan Blender,Self Tanners,22.0,26,2.385,0.346
P468634,Bobbi Brown,Vitamin Enriched Face Base Jumbo,Moisturizers,99.0,26,4.846,1.0
P469523,Paula's Choice,RESIST Anti-Aging Clear Skin Hydrator,Moisturizers,37.0,25,3.4,0.56
P474125,StriVectin,The Gamechangers,Value & Gift Sets,79.0,25,4.68,0.92
P481699,Dr. Jart+,Cicapair Tiger Grass Calming Serum Mask,Masks,9.0,25,4.36,0.84
P461535,Sunday Riley,All About Acne Breakout + Blackhead Set,Value & Gift Sets,95.0,25,4.2,0.84
P476677,FaceGym,Supreme Restructure Collagen-Boosting Cermide Cream,Moisturizers,120.0,25,4.44,0.88
P483075,SEPHORA COLLECTION,Brightening Dual Facial Enzyme Exfoliator,Cleansers,14.0,25,4.16,0.84
P469521,Paula's Choice,RESIST Weightless Advanced Repairing Toner,Cleansers,26.0,25,3.8,0.76
P431419,Isle of Paradise,Over It Magic Self-Tan Eraser,Moisturizers,30.0,25,3.04,0.48
P392522,Clarins,Santal Soothing & Hydrating Natural Face Treatment Oil,Moisturizers,65.0,25,4.76,0.882
P405032,Estée Lauder,Micro Essence Infusion Mask,Masks,75.0,24,4.25,0.6
P431418,Isle of Paradise,Disco Tan Instant Wash-Off Body Bronzer,Self Tanners,24.0,24,3.5,0.625
P505145,BeautyBio,ZenBubble Bi-Phase Toner Serum,Cleansers,49.0,24,4.667,1.0
P430338,Clarins,Extra-Firming & Smoothing Day Moisturizer with SPF 15,Moisturizers,93.0,24,4.042,0.75
P503868,LANEIGE,BTS |  Amorepacific Lip Sleeping Mask Lip & Pop Edition Set,Value & Gift Sets,35.0,24,4.375,0.833
P504288,caliray,Get Lit Skin and Mood Boosting Supplement,Wellness,48.0,24,4.5,0.958
P469449,Clarins,Hydrating Gentle Foaming Cleanser with Aloe Vera,Cleansers,30.0,24,3.333,0.542
P469200,Dr. Barbara Sturm,The Good C Vitamin C Serum,Treatments,145.0,24,3.5,0.583
P505378,StriVectin,Multi Action Clear Acne Control 30-Day Trial Kit,Value & Gift Sets,39.0,24,4.958,1.0
P482322,Supergoop!,Mini Mineral Mattescreen Sunscreen SPF 40 PA+++,Sunscreen,22.0,24,4.125,0.792
P456407,Supergoop!,PLAY Body Sunscreen Mousse SPF 50,Sunscreen,34.0,24,3.958,0.708
P470545,TAN-LUXE,Super Gloss Instant Bronzing Face Drops with SPF 30,Self Tanners,49.0,24,4.375,0.792
P503294,Drunk Elephant,Day Dream Vitamin C + Hydration Serum Duo 2.0,Value & Gift Sets,26.0,24,2.708,0.458
P451745,SOBEL SKIN Rx,30% Glycolic Acid Peel Concentrate,Treatments,46.0,24,4.125,0.75
P457468,tarte,Brazilliance 2HR Express Deep Foaming Self-Tanner,Self Tanners,39.0,24,3.042,0.458
P424987,TAN-LUXE,SLEEP OIL Rejuvenating Miracle Tanning Oil,Self Tanners,52.0,24,3.5,0.625
P464250,goop,GOOPGENES Nourishing Repair Body Butter,Moisturizers,65.0,23,3.826,0.652
P433962,La Mer,Treatment Lotion Hydrating Mask,Masks,190.0,23,4.261,0.826
P454939,Estée Lauder,Perfectionist Pro Rapid Brightening Serum with Ferment² + Vitamin C,Treatments,86.0,23,4.13,0.826
P472180,OLEHENRIKSEN,Balance It All Oil Control & Pore-Refining Set,Value & Gift Sets,40.0,23,3.696,0.609
P428636,La Mer,Mini The Cleansing Foam,Cleansers,25.0,23,3.609,0.565
P443376,Shiseido,White Lucent Overnight Cream & Mask,Moisturizers,110.0,23,3.348,0.522
P423164,Shiseido,Future Solution LX Extra Rich Cleansing Foam,Cleansers,65.0,23,4.304,0.783
P423145,Dermalogica,Age Reversal Eye Complex,Eye Care,79.0,23,3.783,0.696
P408271,HUM Nutrition,Turn Back Time Turmeric Supplement for UV Damage,Wellness,40.0,23,4.043,0.818
P380001,Estée Lauder,"DayWear Advanced Multi-Protection Anti-Oxidant Creme, Dry",Moisturizers,59.0,23,4.217,0.867
P467628,Kiehl's Since 1851,Mini Clearly Corrective Dark Spot Correcting Serum,Mini Size,35.0,23,3.0,0.478
P456569,Dermalogica,Active Clay Prebiotic Cleanser,Cleansers,42.0,23,4.609,0.913
P455421,Shiseido,Complete Cleansing Microfoam,Cleansers,36.0,23,4.087,0.826
P472311,Fenty Skin,Mini Total Cleans'r Makeup Removing Cleanser,Mini Size,15.0,23,3.783,0.696
P469451,CLINIQUE,All About Clean 2-in-1 Cleansing + Exfoliating Jelly,Cleansers,26.5,23,4.565,0.957
P504773,Glossier,Priming Moisturizer Rich Face Cream with Ceramides,Moisturizers,35.0,23,3.87,0.652
P456401,St. Tropez,Self Tan Express Bronzing Gel,Self Tanners,46.0,23,3.478,0.609
P429508,COOLA,Sunless Tan Dry Body Oil Mist,Self Tanners,46.0,23,4.348,0.826
P474968,NuFACE,NuFACE Hydrating Aqua Gel,Moisturizers,39.0,22,4.318,0.818
P428637,La Mer,Mini The Lifting and Firming Mask,Mini Size,95.0,22,4.364,0.818
P461199,SEPHORA COLLECTION,Clean Peeling Mask,Masks,5.5,22,4.455,0.909
P481368,RANAVAT,Detoxifying Facial Massage Tool - Kansa Wand,Wellness,70.0,22,4.636,0.909
P467635,Mount Lai,Jade Tension Melting Massager for Face & Neck,Wellness,72.0,22,4.091,0.773
P448553,Dr. Barbara Sturm,Face Cream Rich,Moisturizers,240.0,22,4.318,0.864
P440505,Charlotte Tilbury,Goddess Cleansing Ritual Duo,Value & Gift Sets,46.0,22,4.455,0.864
P472067,SEPHORA COLLECTION,Metal Facial Razor Refills,High Tech Tools,10.0,22,4.409,0.864
P448558,Dr. Barbara Sturm,Clarifying Face Cream,Moisturizers,225.0,22,3.318,0.545
P433466,FOREO,Call It A Night Activated Mask,Masks,10.99,22,4.591,0.864
P405589,Clarins,Multi-Active Anti-Aging Day Cream-Gel Moisturizer for Glowing Skin,Moisturizers,59.0,22,3.773,0.857
P455010,goop,Knock Me Out Sleep Chews,Wellness,30.0,21,3.238,0.571
P470246,ROSE Ingleton MD,Calming Hydration Booster Serum,Treatments,70.0,21,4.714,0.905
P467106,BeautyBio,Cryo Skin Icing Dual-Ended Roller,High Tech Tools,85.0,21,4.476,0.81
P454822,tarte,Mini SEA Mermaid Skin Hyaluronic H2O Serum,Mini Size,15.0,21,3.667,0.667
P504786,Glossier,Solution Skin-Perfecting Daily Chemical Exfoliator,Cleansers,26.0,21,3.714,0.667
P440500,Mario Badescu,Super Collagen Mask,Masks,18.0,21,4.0,0.762
P474830,FOREO,LUNA play plus 2,High Tech Tools,69.0,21,3.619,0.619
P422848,Tata Harper,Crème Riche Anti-Aging Peptide Night Cream,Moisturizers,230.0,21,4.143,0.762
P433619,Shiseido,Extra Rich Cleansing Milk,Cleansers,36.0,21,4.238,0.81
P504774,Glossier,Super Pure Clarifying Face Serum with Niacinamide + Zinc,Treatments,29.0,20,4.65,0.95
P500096,Community Sixty-Six,Oil Control Moisturizer with Niacinamide,Moisturizers,25.0,20,3.75,0.7
P469028,SEPHORA COLLECTION,3-in-1 Extractor Tool,Treatments,20.0,20,3.3,0.5
P392891,Estée Lauder,Nutritious Super-Pomegranate Radiant Energy Night Moisturizer Creme/Mask,Masks,74.0,20,4.6,1.0
P428005,NuFACE,NuBODY Skin Toning Device,High Tech Tools,399.0,20,4.25,0.75
P468229,Tatcha,Ageless Revitalizing Neck Cream,Moisturizers,112.0,20,4.15,0.75
P483057,COOLA,COOLA Organic Liplux Classic Sunscreen Lip Oil SPF 30,Lip Balms & Treatments,18.0,20,2.5,0.3
P447604,Mount Lai,De-Puffing Jade Eye Treatment Tool,Wellness,30.0,19,4.737,0.947
P500856,Peace Out,Retinol Anti-Aging Power Duo,Value & Gift Sets,48.0,19,4.105,0.789
P476860,Flora + Bast,APHRODISIA Intimate Arousal Cannabis Oil,Wellness,77.0,19,4.474,0.842
P474057,Jack Black,Lip Service - Lip Balm Duo Mint & Shea,Lip Balms & Treatments,13.0,19,4.895,0.947
P457854,Shiseido,Vital Perfection Uplifting and Firming Cream Day Cream,Moisturizers,140.0,19,4.526,0.895
P456203,St. Tropez,Self Tan Express Starter Kit,Value & Gift Sets,20.0,19,3.526,0.579
P474114,StriVectin,Power Starters Tightening Trio,Value & Gift Sets,89.0,19,4.526,0.947
P504327,Tatcha,Mini Favorites Set,Value & Gift Sets,68.0,19,4.421,0.895
P454391,Supergoop!,PLAY Antioxidant Body Sunscreen Mist SPF 30 PA++++,Sunscreen,21.0,19,3.368,0.632
P436346,FOREO,Youth Junkie Activated Mask,Masks,21.99,19,4.632,0.947
P454377,tarte,Mini knockout daily exfoliating cleanser,Mini Size,12.0,19,3.789,0.737
P504919,Glossier,Milky Oil Dual-Phase Waterproof Makeup Remover,Cleansers,14.0,19,4.421,0.842
P500774,SEPHORA COLLECTION,Clarifying Toner with Niacinamide and Zinc,Cleansers,14.0,19,4.474,0.947
P481712,INC.redible,Party Recharge Cryo Me Crazy Under-eye Masks,Eye Care,20.0,18,4.556,0.944
P433465,FOREO,Make My Day Activated Mask,Masks,10.99,18,4.167,0.833
P458573,Jack Black,Lip Balm Trio,Value & Gift Sets,22.0,18,4.722,0.944
P470248,ROSE Ingleton MD,Retexturizing Retinol Booster Serum,Treatments,70.0,18,4.556,0.944
P389097,HUM Nutrition,Arctic Repair Fine Lines and Wrinkles Supplement,Wellness,60.0,18,3.778,0.429
P460704,SEPHORA COLLECTION,The Hydrating Kit,Value & Gift Sets,20.0,18,4.333,0.944
P503262,alpyn beauty,Peel and Plump Skin-Smoothing Duo,Value & Gift Sets,49.0,18,4.889,0.944
P460511,Kate Somerville,Mini Liquid ExfoliKate Triple Acid Resurfacing Treatment,Mini Size,24.0,18,4.167,0.722
P447788,Dr. Barbara Sturm,Calming Serum,Treatments,255.0,18,3.778,0.611
P458961,goop,G.Tox Malachite and Fruit Acid Pore Purifying Cleanser,Cleansers,48.0,18,4.389,0.833
P455332,Bobbi Brown,Hydrating Water Fresh Cream Moisturizer,Moisturizers,66.0,18,4.333,0.833
P481837,TAN-LUXE,The Crème Gradual Self-Tanning Face Moisturizer,Self Tanners,49.0,18,4.444,0.833
P438642,BeautyBio,GloPRO Prep Pads Clarifying Skin Cleansing Wipes with Peptides,Cleansers,39.0,18,3.556,0.667
P471011,CLINIQUE,Take The Day Off Cleansing Balm Makeup Remover Duo,Value & Gift Sets,48.0,18,4.778,0.944
P480607,Herbivore,Skin in the Clouds Set,Value & Gift Sets,32.0,18,4.0,0.778
P449164,Algenist,ELEVATE Firming & Lifting Neck Cream,Moisturizers,84.0,18,3.889,0.722
P503901,innisfree,Hydration Heroes Green Tea Skincare Routine Set,Value & Gift Sets,39.0,18,3.722,0.556
P461950,La Mer,Mini The Concentrate Serum,Mini Size,220.0,18,4.444,0.833
P454029,Lancôme,Rènergie Lift Multi-Action Ultra Double-Wrapping Cream Face Mask,Masks,68.0,18,4.722,0.944
P500012,fresh,Rose Hydration Pore-Minimizing Mist,Moisturizers,24.0,17,4.471,0.824
P482698,LANEIGE,Water Bank Blue Hyaluronic Exfoliating Toner,Cleansers,31.0,17,4.412,0.941
P456992,CLINIQUE,Superdefense SPF 25 Fatigue + 1st Signs of Age Multi-Correcting Cream,Moisturizers,56.0,17,3.882,0.647
P464288,SEPHORA COLLECTION,Sephora City Reusable Water Bottle,Wellness,8.0,17,2.941,0.412
P466878,Dr. Dennis Gross Skincare,Mini Alpha Beta Exfoliating Body Treatment Peel,Mini Size,18.0,17,2.882,0.471
P468412,SK-II,Pitera Power Kit,Value & Gift Sets,110.0,17,4.059,0.765
P504784,Glossier,Priming Moisturizer Lightweight Buildable Face Cream,Moisturizers,24.0,17,3.824,0.647
P500771,CLINIQUE,Smart Clinical Repair Wrinkle Correcting Rich Cream,Moisturizers,68.0,17,4.412,0.941
P479861,The Ordinary,The Bright Set,Value & Gift Sets,40.7,17,4.118,0.765
P470508,Augustinus Bader,Mini The Cream with TFC8 Face Moisturizer,Mini Size,92.0,17,3.765,0.706
P442537,Alpha-H,Liquid Gold Firming Eye Cream,Eye Care,82.0,17,3.882,0.706
P467112,Dermalogica,Daily Microfoliant Exfoliator Refill Pack,Cleansers,56.0,17,4.882,1.0
P455191,lilah b.,Mini Aglow Cleansing Butter,Mini Size,14.0,17,3.588,0.529
P504795,Glossier,Super Bounce Hyaluronic Acid + Vitamin B5 Hydrating Face Serum,Treatments,29.0,17,4.765,0.941
P443810,BeautyBio,The Daily Vitamin C Day Serum with Antioxidant Complex,Treatments,75.0,17,3.118,0.471
P482697,LANEIGE,Water Bank Blue Hyaluronic Revitalizing Toner,Cleansers,31.0,17,4.0,0.765
P454807,Dior,Capture Totale Firming & Wrinkle-Correcting Eye Cream,Eye Care,80.0,17,4.353,0.824
P423163,Shiseido,Future Solution LX Concentrated Balancing Softener,Moisturizers,110.0,17,4.941,1.0
P469448,Clarins,Purifying Gentle Foaming Cleanser with Salicylic Acid,Cleansers,30.0,17,2.529,0.412
P504049,The Nue Co.,Skin Filter Daily Brightening Phyto-Retinol + AHA Serum,Treatments,65.0,17,5.0,1.0
P448564,CLINIQUE,Clinique Smart Clinical MD Multi-Dimensional Age Transformer Resculpt,Moisturizers,74.0,16,3.688,0.688
P448542,Dr. Barbara Sturm,Clarifying Mask,Masks,150.0,16,4.125,0.688
P502818,FOREO,LUNA 4 Facial Cleansing & Firming Massage for Balanced Skin,High Tech Tools,279.0,16,5.0,1.0
P469830,Hourglass,Equilibrium Day Fluid Sunscreen Broad Spectrum SPF 30,Sunscreen,86.0,16,4.063,0.688
P480150,Alpha-H,Liquid Gold Midnight Reboot Serum with 14% Glycolic Acid and Tripeptide-5,Treatments,105.0,16,5.0,1.0
P500743,SEPHORA COLLECTION,Vitamin Face Masks,Masks,5.5,16,4.313,0.813
P474967,NuFACE,NuFACE Firming and Brightening Silk Crème,Moisturizers,69.0,16,4.563,1.0
P481347,Paula's Choice,Clear Skin Kit Acne Treatment Kit,Value & Gift Sets,75.0,16,3.438,0.625
P448557,Dr. Barbara Sturm,Clarifying Serum,Treatments,255.0,16,4.125,0.813
P430809,DERMAFLASH,THE ESSENTIALS Sonic Dermaplaning Refill Kit,Value & Gift Sets,87.0,16,4.313,0.938
P483090,SEPHORA COLLECTION,Firming Day Moisturizer with Peptides,Moisturizers,18.0,16,2.938,0.438
P443377,Shiseido,White Lucent Day Emulsion Broad Spectrum SPF 23,Sunscreen,75.0,16,3.5,0.625
P410657,Clarins,Extra-Firming & Smoothing Face Mask,Masks,79.0,16,4.25,0.692
P483495,Sunday Riley,Wake Up With Me Morning Routine Kit,Value & Gift Sets,95.0,16,3.938,0.813
P482318,St. Tropez,Gradual Tan Tinted Daily Firming Lotion,Self Tanners,29.0,16,2.75,0.5
P443549,Origins,Dr. Andrew Weil for Origins Mega-Mushroom Relief & Resilience Soothing Cream,Moisturizers,71.0,16,4.313,0.875
P505274,The Ordinary,Glucoside Foaming Cleanser,Cleansers,12.5,16,3.875,0.75
P504517,Soleil Toujours,Brightening Eye Cream Mineral SPF 15 with Peptides,Eye Care,68.0,15,4.867,1.0
P460756,Mario Badescu,Hyaluronic Dew Cream,Moisturizers,26.0,15,3.2,0.467
P503890,innisfree,Green Tea Hyaluronic Acid Hydrating Toner,Cleansers,22.0,15,4.6,0.867
P467129,Murad,Acne Control 30-Day Trial Kit for Clearer Skin,Value & Gift Sets,36.0,15,3.533,0.6
P458962,goop,G.Tox Malachite and AHA Pore Refining Tonic,Cleansers,75.0,15,3.933,0.8
P504636,Glow Recipe,Mini Watermelon Glow Niacinamide Dew Drops,Treatments,20.0,15,3.933,0.8
P505381,StriVectin,Multi Action Clear Gentle Daily Brightening & Retexturizing Toner for Acne and Breakouts,Cleansers,39.0,15,4.8,0.933
P502827,FOREO,LUNA 4 Facial Cleansing & Firming Massage for Sensitive Skin,High Tech Tools,279.0,15,4.8,1.0
P469806,GUERLAIN,Abeille Royale Anti-Aging Eye Lifting Serum,Eye Care,130.0,15,3.733,0.6
P482314,SEPHORA COLLECTION,Mattifying Blotting Papers,Cleansers,4.0,15,2.867,0.533
P376946,CLINIQUE,Repairwear Uplifting Firming Cream Broad Spectrum SPF 15,Moisturizers,72.0,15,3.4,0.0
P417110,La Mer,The Lifting Eye Serum,Eye Care,300.0,15,3.333,0.5
P429538,fresh,Lotus Youth Preseve Rescue Mask Mini,Shop by Concern,28.0,15,4.267,0.667
P449601,Dr. Barbara Sturm,Face Cream Light,Moisturizers,215.0,15,3.933,0.733
P442542,Alpha-H,Beauty Sleep Power Peel Age-Defying Night Peel,Treatments,106.0,15,4.6,0.933
P427731,Dior,Capture Youth Glow Booster Age-Delay Illuminating Serum,Treatments,110.0,15,4.667,0.867
P422260,Kiehl's Since 1851,Super Multi-Corrective Cream Sunscreen Broad Spectrum SPF 30,Moisturizers,95.0,15,3.6,0.667
P503216,Hyper Skin,Hyper Even Daily Duo Kit for Hyperpigmentation,Value & Gift Sets,39.0,15,4.667,1.0
P480346,ROSE Ingleton MD,SuperFruit Gentle Brightening Cleanser,Cleansers,38.0,14,4.714,0.929
P417359,Estée Lauder,Advanced Night Repair Concentrated Eye Treatment Mask,Eye Care,42.0,14,4.214,0.917
P474964,Mario Badescu,"Facial Spray with Aloe Adaptogens, and Coconut Water",Moisturizers,9.0,14,4.286,0.786
P473185,Peter Thomas Roth,Water Drench Hyaluronic Cloud Makeup Removing Gel Cleanser,Cleansers,32.0,14,4.0,0.714
P457272,GUERLAIN,Abeille Royale Anti-Aging Eye Cream,Eye Care,110.0,14,3.786,0.643
P428414,Jack Black,Skin Saviors,Value & Gift Sets,37.0,14,4.5,1.0
P446111,Clarins,V Shaping Facial Lift Depuff & Contour Serum with Hyaluronic Acid,Treatments,90.0,14,3.571,0.643
P454375,Dr. Barbara Sturm,Clarifying Acne Spot Treatment,Treatments,55.0,14,3.5,0.643
P480166,Fenty Skin,Mini Hydra Vizor Invisible Moisturizer Broad Spectrum SPF 30 Sunscreen with Niacinamide,Moisturizers,25.0,14,3.786,0.714
P481376,Dr. Dennis Gross Skincare,Mini Alpha Beta AHA/BHA Daily Cleansing Gel,Cleansers,15.0,14,3.714,0.571
P449411,tarte,Mini Micellar Magic Makeup Remover & Cleanser,Mini Size,9.0,14,3.429,0.643
P383182,NuFACE,Wrinkle Reducer Trinity Attachment,High Tech Tools,159.0,14,2.714,0.364
P438632,BeautyBio,GloPRO BODY MicroTip Attachment Head,High Tech Tools,49.0,14,4.071,0.786
P450934,GUERLAIN,Abeille Royale Day Cream,Moisturizers,170.0,14,4.286,0.857
P433446,Origins,Mini Original Skin Matte Moisturizer with Willowherb,Mini Size,24.0,14,4.071,0.929
P476515,Hyper Skin,Mini Brightening Dark Spot Vitamin C Serum,Mini Size,36.0,14,3.143,0.571
P468354,First Aid Beauty,Hydrating Ultra Repair Cream Duo,Value & Gift Sets,46.0,13,4.615,1.0
P457011,Dr. Jart+,Cryo Rubber Mask with Firming Collagen,Masks,15.0,13,4.846,1.0
P428639,La Mer,Mini The Renewal Oil,Mini Size,145.0,13,4.308,0.846
P427732,Dior,Capture Youth Plump Filler Age-Delay Plumping Serum,Treatments,110.0,13,4.0,0.769
P502831,FOREO,LUNA 4 Facial Cleansing & Firming Massage for Combination Skin,High Tech Tools,279.0,13,4.923,1.0
P472068,SEPHORA COLLECTION,Reusable 3-Piece Grey Face Mask Set,Wellness,15.0,13,4.077,0.692
P461937,FOREO,Serum Serum Serum,Treatments,59.0,13,1.846,0.154
P504778,Glossier,Invisible Shield Water-Gel Transparent Sunscreen SPF 35,Sunscreen,25.0,13,4.308,0.769
P467755,Clarins,Hydrating Toner Lotion with Aloe Vera,Cleansers,30.0,13,3.846,0.615
P503942,innisfree,Green Tea Hydrating Cleansing Oil,Cleansers,24.0,13,4.308,0.846
P500106,Community Sixty-Six,Everyday Mineral Moisturizer SPF 30 Sunscreen,Moisturizers,30.0,13,4.0,0.692
P429675,Dior,Hydra Life Balancing Hydration 2 in 1 Sorbet Water,Moisturizers,45.0,13,3.769,0.692
P504810,Glossier,Priming Moisturizer Balance Oil-Control Gel-Cream,Moisturizers,25.0,13,4.615,0.846
P427513,Estée Lauder,Perfectionist Pro Rapid Firm + Lift Treatment,Treatments,86.0,13,4.0,0.692
P500016,Caudalie,Deep Exfoliating Cleanser,Cleansers,38.0,13,4.692,0.923
P475961,La Mer,Crème de La Mer Duet,Value & Gift Sets,380.0,13,4.462,0.923
P504203,Tatcha,Clarifying Cleanse + Hydrate Duo,Value & Gift Sets,27.0,13,3.077,0.462
P390987,CLINIQUE,Purifying Cleansing Brush Head Refill,High Tech Tools,32.0,13,4.538,0.875
P393600,NuFACE,Trinity Facial Toning Device + Wrinkle Reducer Attachment Bundle,High Tech Tools,449.0,13,3.538,0.583
P463792,BeautyBio,Rejuvenating Scalp + Fuller Hair Therapy Set,Value & Gift Sets,249.0,13,3.538,0.692
P457012,Dr. Jart+,Cryo Rubber Mask with Brightening Vitamin C,Masks,15.0,12,3.833,0.667
P500785,SEPHORA COLLECTION,Vitamin C Skincare Set,Value & Gift Sets,15.0,12,4.583,0.917
P433620,Shiseido,Treatment Softener,Moisturizers,50.0,12,3.25,0.583
P458958,INC.redible,Hydrating Boob and Bum Sheet Mask Duo,Masks,15.0,12,4.083,0.75
P481138,NuFACE,FIX  Line Smoothing Device,High Tech Tools,159.0,12,2.0,0.25
P504780,Glossier,Super Glow Vitamin C Brightening Face Serum,Treatments,29.0,12,2.667,0.333
P442545,Alpha-H,Triple Action Cleanser,Cleansers,38.0,12,4.25,0.833
P481334,Herbivore,Moon Fruit Retinol Alternative Sleep Mask,Masks,54.0,12,3.417,0.667
P500248,Charlotte Tilbury,Collagen Superfusion Firming & Plumping Facial Oil,Moisturizers,85.0,12,4.583,0.833
P449410,Tata Harper,Boosted Contouring Retinol Eye Balm,Eye Care,260.0,12,3.417,0.5
P443812,BeautyBio,R45 The Lift 3-Phase Advanced Neck Contouring Treatment,Treatments,85.0,12,3.167,0.5
P430143,IT Cosmetics,Mini Confidence in a Cleanser,Mini Size,15.0,12,4.167,0.75
P423169,Shiseido,Future Solution LX Total Regenerating Cream,Moisturizers,290.0,12,3.75,0.667
P474080,Peter Thomas Roth,Water Drench Hyaluronic Cloud Mask Hydrating Gel,Masks,55.0,12,4.25,0.75
P451728,Charlotte Tilbury,Mini Goddess Clay Mask 15ml Travel Size,Masks,16.0,12,3.083,0.417
P505209,The Nue Co.,Barrier Culture Moisturizer with Niacinamide & Squalane,Moisturizers,65.0,12,5.0,1.0
P504509,Soleil Toujours,Hydra Lip Masque Mineral SPF 15 with Peptides,Lip Balms & Treatments,26.0,12,4.667,0.833
P504441,SEPHORA COLLECTION,Prebiotic Smoothie Mask,Masks,8.0,12,4.0,0.833
P474943,Dr. Dennis Gross Skincare,Mini Alpha Beta Ultra Gentle Daily Peel Pads for Sensitive Skin,Mini Size,20.0,12,3.75,0.667
P483494,Sunday Riley,Go To Bed With Me Anti-Aging Night Routine,Value & Gift Sets,93.0,12,4.083,0.833
P463791,BeautyBio,GloPRO SCALP MicroTip Attachment Head,High Tech Tools,59.0,11,4.273,0.909
P446102,Estée Lauder,"Mini DayWear Advanced Multi-Protection Anti-Oxidant Creme, Normal/Combination",Mini Size,36.0,11,4.455,0.909
P482311,SEPHORA COLLECTION,Large Supplement Case,Wellness,15.0,11,4.0,0.727
P476432,Dior,Capture Totale Super Potent Cleanser,Cleansers,65.0,11,4.455,0.909
P482746,Supergoop!,PLAY 100% Mineral Lotion SPF 30 with Green Algae,Sunscreen,36.0,11,4.091,0.727
P270600,Bobbi Brown,Extra Eye Repair Cream Intense,Eye Care,86.0,11,3.364,0.545
P427640,Estée Lauder,DayWear Eye Cooling Anti-Oxidant Moisture GelCreme,Eye Care,46.0,11,4.273,0.909
P438629,BeautyBio,The Radiance Brightening Vitamin E + Rosehip Seed Facial Oil,Moisturizers,70.0,11,4.182,0.727
P428103,SK-II,Ultimate Revival Essence,Moisturizers,315.0,11,4.545,0.818
P445822,Dermalogica,Intensive Moisture Cleanser,Cleansers,42.0,11,4.0,0.727
P436347,FOREO,Glow Addict Activated Mask,Masks,21.99,11,4.273,0.818
P448565,CLINIQUE,Clinique Smart Clinical MD Multi-Dimensional Age Transformer Duo Resculpt + Revolumize,Moisturizers,74.0,11,3.0,0.273
P505210,The Nue Co.,"Barrier Culture Cleanser Pre-, Pro- & Postbiotic Face Wash",Cleansers,42.0,11,5.0,1.0
P476570,Dr. Brandt Skincare,Triple Active Retinol Gentle Overnight Renewal Cream,Moisturizers,75.0,11,3.727,0.818
P448548,Dr. Barbara Sturm,Darker Skin Tones Hyaluronic Serum,Treatments,300.0,11,4.364,0.909
P436343,FOREO,H2Overdose Activated Mask,Masks,20.0,11,3.818,0.727
P500139,The Ordinary,The Skinimalist Set,Value & Gift Sets,22.0,10,4.5,0.9
P435387,fresh,Mini Rose Floral Toner,Mini Size,15.0,10,3.7,0.6
P500120,Community Sixty-Six,Nourishing Rich Moisturizer with Hyaluronic Acid,Moisturizers,25.0,10,3.5,0.6
P503572,OLEHENRIKSEN,Let's Get Luminous Brightening Essentials Set,Value & Gift Sets,46.0,10,3.5,0.7
P484076,Shiseido,Ultimate Sun Protector SPF 50+ Sunscreen Duo,Value & Gift Sets,66.0,10,4.4,0.8
P477734,SEPHORA COLLECTION,Double-Ended Textured Facial Roller,Wellness,24.0,10,3.6,0.6
P457273,L'Occitane,Immortelle Overnight Reset Eye Serum,Eye Care,60.0,10,3.6,0.6
P504790,Glossier,Cleanser Concentrate AHA Clarifying and Exfoliating Face Wash,Cleansers,21.0,10,3.7,0.7
P504515,Soleil Toujours,Daily Defense Moisturizer Mineral SPF 60 with Vitamin C,Moisturizers,58.0,10,3.8,0.6
P438640,BeautyBio,The Nightly Retinol + Peptide Anti-Aging Serum,Treatments,95.0,10,3.7,0.7
P467107,BeautyBio,GloPRO Cryo Skin Icing Attachments,High Tech Tools,75.0,10,4.5,0.9
P448545,Dr. Barbara Sturm,Darker Skin Tones Foam Cleanser,Cleansers,75.0,10,3.7,0.6
P503123,Josie Maran,Smooth Like Butter Kit,Value & Gift Sets,30.0,10,4.5,0.8
P501591,Drunk Elephant,The Littles Skincare Travel Set,Value & Gift Sets,74.0,10,4.1,0.8
P501323,Tatcha,Overnight Recovery Duo,Value & Gift Sets,88.0,10,4.2,0.9
P503935,innisfree,Volcanic Pore Clearing Facial Cleanser with AHA + BHA,Cleansers,14.0,10,4.5,0.9
P503997,Farmacy,"Cleanse + Treat Duo Nighttime Routine for Clean, Smooth Skin",Value & Gift Sets,46.0,10,4.8,1.0
P430405,La Mer,Mini The Moisturizing Cool Gel Cream,Mini Size,100.0,10,4.3,0.7
P479973,Mario Badescu,"Mini Facial Spray with Aloe Adaptogens, and Coconut Water",Moisturizers,7.0,10,3.6,0.6
P463110,Sulwhasoo,Clarifying Peel Off Mask,Masks,45.0,10,4.5,0.8
P503930,innisfree,Green Tea Hyaluronic Acid Hydrating Eye Serum,Eye Care,22.0,10,3.8,0.7
P503655,Caudalie,Mini Grape Water Moisturizing Face Mist,Moisturizers,12.0,10,4.0,0.8
P475926,Dr. Barbara Sturm,The SturmGlow Kit,Value & Gift Sets,185.0,10,2.9,0.6
P444237,SEPHORA COLLECTION,Mini Cleansing Wipes - Coconut Water,Cleansers,3.0,10,4.3,0.8
P480279,Biossance,Radiantly Rose Duo Set,Value & Gift Sets,25.0,10,3.7,0.8
P482058,Origins,Dr. Andrew Weil for Origins Mega-Mushroom Weightless Hydrating Moisturizer,Moisturizers,40.0,10,4.1,0.8
P462378,Mario Badescu,Anti-Aging Regimen Kit,Value & Gift Sets,30.0,10,4.3,0.9
P500287,CAY SKIN,Isle Body Oil SPF 30 with Sea Moss and Squalane,Sunscreen,32.0,10,4.6,0.9
P469121,Dr. Lara Devgan Scientific Beauty,Microdermabrasion Scrub,Cleansers,65.0,10,4.2,0.7
P402993,NuFACE,Trinity Facial Toning Device + Wrinkle Reducer Attachment Bundle,High Tech Tools,429.0,9,3.667,0.714
P481350,Paula's Choice,Complexion Clarity Kit,Value & Gift Sets,64.0,9,4.444,0.889
P504815,Glossier,Universal Pro-Retinol Overnight Renewing Treatment,Treatments,35.0,9,3.778,0.667
P474036,Dr. Barbara Sturm,Aloe Vera Gel,Moisturizers,75.0,9,3.333,0.556
P462381,Mario Badescu,Glycolic Eye Cream,Eye Care,20.0,9,4.111,0.778
P448544,Dr. Barbara Sturm,Darker Skin Tones Face Cream,Moisturizers,225.0,9,5.0,1.0
P448546,Dr. Barbara Sturm,Darker Skin Tones Enzyme Cleanser,Cleansers,75.0,9,4.778,0.889
P504447,SEPHORA COLLECTION,Gradual Tanning Drops Face & Body,Self Tanners,16.0,9,3.111,0.556
P482259,COOLA,Dew Good Illuminating Serum SPF 30,Sunscreen,48.0,9,4.556,0.889
P438634,BeautyBio,GloPRO FACE MicroTip Attachment Head,High Tech Tools,39.0,9,3.667,0.667
P438362,Lancôme,Tonique Confort Hydrating & Toning Duo,Value & Gift Sets,49.0,9,4.667,0.889
P474942,CLINIQUE,Refresh in 5,Value & Gift Sets,25.0,9,4.667,0.889
P457010,Dr. Jart+,Cryo Rubber Mask with Soothing Allantoin,Masks,15.0,9,4.556,1.0
P471017,Dr. Barbara Sturm,Super Anti-Aging Face Cream,Moisturizers,360.0,9,3.222,0.556
P448549,Dr. Barbara Sturm,Brightening Serum,Treatments,310.0,9,3.556,0.667
P476496,Fenty Skin,Instant Reset Brightening Overnight Recovery Gel-Cream with Niacinamide Refill,Moisturizers,40.0,9,5.0,1.0
P451727,Charlotte Tilbury,Mini Magic Night 15ml Travel Size,Moisturizers,45.0,8,2.875,0.25
P405825,CLINIQUE,Repairwear Laser Focus Line Smoothing Cream Broad Spectrum SPF 15 for Very Dry to Dry Combination Skin,Moisturizers,61.0,8,4.125,0.667
P469452,CLINIQUE,All About Clean 2-in-1 Charcoal Face Mask + Scrub,Masks,33.0,8,3.75,0.625
P448713,Dr. Barbara Sturm,Clarifying Spot Treatment,Treatments,55.0,8,4.125,0.75
P467608,CLINIQUE,Smart Night Clinical MD Multi-Dimensional Repair Treatment Retinol Serum,Treatments,74.0,8,4.75,0.875
P483078,COOLA,COOLA Scalp & Hair Mist Organic Sunscreen SPF 30,Sunscreen,28.0,8,3.5,0.625
P416589,Skin Laundry,Wrinkle Release Facial Sheet Mask,Masks,12.0,8,4.5,1.0
P501474,Youth To The People,The Youth Vault: 13-Piece Vegan Skincare + Apparel Set,Value & Gift Sets,340.0,8,4.875,1.0
P500983,Drunk Elephant,"Anytime, Anyface Lactic Acid Serum + Protini Moisturizer Duo",Value & Gift Sets,28.0,8,5.0,1.0
P502996,SEPHORA COLLECTION,Rose Quartz Gua Sha,Wellness,14.0,8,3.125,0.5
P438638,BeautyBio,GloPRO EYE MicroTip Attachment Head,High Tech Tools,39.0,8,2.5,0.375
P503552,BeautyBio,GLOfacial Clarifying Salicylic & Plumping Hyaluronic Acid Concentrate,Treatments,45.0,8,5.0,1.0
P429504,Clarins,Extra-Firming & Smoothing Night Moisturizer,Moisturizers,98.0,8,4.25,0.875
P451737,Lancôme,Advanced Génifique Face & Eye Serum Set,Value & Gift Sets,130.0,8,3.875,0.75
P477761,Slip,Lovely Lashes Contour Sleep Mask,Wellness,55.0,8,4.0,0.75
P467756,Clarins,Soothing Toning Lotion with Chamomile,Cleansers,30.0,8,3.375,0.625
P474369,Origins,Clear Improvement Zero Oil Cleanser With Charcoal,Cleansers,27.0,8,3.5,0.5
P502740,Peter Thomas Roth,Masking Minis 5-Piece Mask Kit,Value & Gift Sets,19.0,8,4.0,0.875
P454800,OLEHENRIKSEN,Mini Glow2OH Dark Spot Toner,Mini Size,19.0,8,4.5,0.875
P504303,Tatcha,Strengthening Nighttime Ritual Set,Value & Gift Sets,95.0,8,4.875,1.0
P501003,Murad,Clarifying Water Gel Moisturizer with Hyaluronic Acid,Moisturizers,49.0,8,3.0,0.5
P500116,Community Sixty-Six,Hydrating Cream Cleanser with Hyaluronic Acid,Cleansers,16.0,8,4.75,0.875
P504320,Supergoop!,SPF Bestsellers Kit,Value & Gift Sets,30.0,8,3.75,0.625
P456434,tarte,knockout brightening gel moisturizer,Moisturizers,14.0,8,4.25,0.75
P504272,fresh,Hydrating Skincare Gift Set,Value & Gift Sets,59.0,8,3.25,0.5
P444987,Dior,Capture Youth Age-Delay Progressive Peeling Crème,Treatments,110.0,7,4.429,0.857
P483058,goop,GOOPGLOW Flower Acids Resurfacing Toner,Cleansers,45.0,7,4.714,0.857
P467649,SEPHORA COLLECTION,Clean 1 Minute Face Masks,Masks,12.0,7,1.857,0.143
P457274,L'Occitane,Hand Cream Trio,Value & Gift Sets,29.0,7,4.143,0.714
P438630,BeautyBio,Contouring + De-Puffing Rose Quartz GloPRO Attachment Head,High Tech Tools,49.0,7,4.143,0.857
P502998,Youth To The People,"Youth Stacks: Plump It Up for Dry, Dehydrated Skin",Value & Gift Sets,28.0,7,4.143,1.0
P502771,Wishful,Hydrate & Glow Trio,Value & Gift Sets,29.0,7,3.143,0.571
P504452,Bobbi Brown,Mini Must Haves Skincare Set,Mini Size,25.0,7,3.429,0.571
P463951,Shiseido,Mini Benefiance Wrinkle Smoothing Cream Enriched,Mini Size,30.0,7,3.714,0.714
P503226,fresh,Sugar Triple-Action Lip Serum Advanced Therapy,Lip Balms & Treatments,36.0,7,3.857,0.714
P479478,SEPHORA COLLECTION,Germanium Stone Facial Massager,Wellness,28.0,7,4.857,0.857
P503912,Dr. Dennis Gross Skincare,Firm + Bright + Glow Vitamin C Lactic Set,Value & Gift Sets,85.0,7,3.429,0.571
P503560,BeautyBio,GLOfacial Antimicrobial Treatment Tips + Cleaning Brush Accessories,High Tech Tools,30.0,7,5.0,1.0
P477150,Dr. Barbara Sturm,Super Anti-Aging Eye Cream,Eye Care,210.0,7,4.429,0.857
P482313,SEPHORA COLLECTION,Eyebrow Razor Set,High Tech Tools,8.0,7,4.143,0.857
P472471,Jack Black,Acne Remedy Overnight Repair Moisturizer,Moisturizers,40.0,7,4.143,0.857
P479974,Mario Badescu,Brightening Eye Serum,Eye Care,24.0,7,3.286,0.429
P500502,ROSE Ingleton MD,SuperFruit Exfoliating Tonic 8% AHA Solution,Cleansers,48.0,7,4.857,1.0
P448551,Dr. Barbara Sturm,Brightening Face Lotion,Moisturizers,205.0,7,4.429,0.857
P409227,Clarins,Multi-Active Anti-Aging Day Moisturizer for Glowing Skin,Moisturizers,58.0,7,4.857,1.0
P439099,CLINIQUE,Clarifying Lotion 2,Cleansers,36.0,7,4.429,0.857
P500238,Charlotte Tilbury,Mini Collagen Superfusion Firming & Plumping Facial Oil,Mini Size,30.0,7,4.714,1.0
P468410,SK-II,SKINPOWER Essence Serum,Moisturizers,205.0,6,4.0,0.833
P457009,Dr. Jart+,Cryo Rubber Mask with Moisturizing Hyaluronic Acid,Masks,15.0,6,4.0,0.833
P483145,SEPHORA COLLECTION,Ultra Glow Mask with Vitamins C + E,Masks,16.0,6,4.5,1.0
P439098,CLINIQUE,Clarifying Lotion 3,Cleansers,36.0,6,4.167,0.833
P480174,Herbivore,Waves of Clarity Skincare Set,Value & Gift Sets,32.0,6,4.5,0.833
P454795,Tatcha,Mini The Dewy Skin Cream,Mini Size,22.0,6,4.0,0.667
P481970,Dior,Hydra Life Fresh Sorbet Crème Moisturizer,Moisturizers,85.0,6,3.5,0.667
P500729,SEPHORA COLLECTION,Best Sellers Set,Value & Gift Sets,20.0,6,4.333,0.833
P503872,Youth To The People,Mini Mandelic Acid + Superfood Unity Exfoliant,Cleansers,16.0,6,4.833,1.0
P502237,BeautyBio,Head-To-Toe AfterGLO Set,Value & Gift Sets,199.0,6,4.333,0.833
P451750,SOBEL SKIN Rx,Oligo Peptide Eye Cream,Eye Care,65.0,6,4.5,0.833
P480610,IT Cosmetics,Hello Results Baby-Smooth Glycolic Peel + Caring Oil,Treatments,59.0,6,4.5,0.833
P462379,Mario Badescu,Witch Hazel & Lavender Toner,Cleansers,14.0,6,4.0,0.667
P405285,CLINIQUE,Smart Broad Spectrum SPF 15 Custom-Repair Moisturizer for Very Dry to Dry Skin,Moisturizers,64.0,6,4.5,0.8
P482256,COOLA,Classic Face Organic Sunscreen Lotion SPF 30,Sunscreen,32.0,6,3.667,0.667
P482021,Kiehl's Since 1851,Ultra Facial Hydrating Concentrated Cleansing Bar,Cleansers,20.0,6,4.333,0.833
P482009,Isle of Paradise,Self-Tanning Mitt,Self Tanners,10.0,6,3.667,0.667
P483141,BeautyBio,The Quench Eye Reviving Quadralipid Eye Balm,Eye Care,99.0,6,3.5,0.5
P462375,Mario Badescu,Hyaluronic Dew Drops Hydrating Serum,Treatments,30.0,6,3.5,0.5
P502725,Peter Thomas Roth,Multi-Masker 4-Piece Mask Kit,Value & Gift Sets,58.0,6,3.833,0.667
P482258,COOLA,Mineral Face Sunscreen Sheer Matte SPF 30,Sunscreen,36.0,6,3.5,0.5
P502365,Tatcha,Clarifying Cleanse + Hydrate Duo,Value & Gift Sets,27.0,6,3.5,0.667
P480289,CLINIQUE,Mini Acne Solutions Cleansing Foam,Cleansers,11.0,5,4.0,0.6
P504848,Caudalie,Resveratrol-Lift Ultimate Firming Set,Value & Gift Sets,84.0,5,4.0,0.8
P500060,Supergoop!,Play! Mineral SPF Stick,Sunscreen,24.0,5,3.2,0.4
P481704,fresh,Umbrian Clay Pore Purifying Face Mask,Masks,58.0,5,3.8,0.8
P503906,Dr. Dennis Gross Skincare,DRx SpectraLite LED EyeCare Max Pro,High Tech Tools,199.0,5,5.0,1.0
P503934,LANEIGE,Besties Set,Value & Gift Sets,35.0,5,3.6,0.6
P481668,CLINIQUE,Clarifying Do-Over Peel,Treatments,35.0,5,3.0,0.4
P458963,goop,G.Tox Detoxifying Superpowder,Wellness,12.0,5,1.8,0.2
P440922,Dior,Capture Youth Intense Rescue Age-Delay Revitalizing Oil-Serum,Treatments,110.0,5,3.4,0.6
P462384,Mario Badescu,Spritz. Mist. Glow. Facial Spray Trio,Value & Gift Sets,21.0,5,3.0,0.6
P503933,OLEHENRIKSEN,The Night Time Edit- Jenna Rennert X OLEHENRIKSEN,Value & Gift Sets,65.0,5,3.4,0.8
P500782,Supergoop!,100% Mineral SPF Starter Kit,Value & Gift Sets,29.0,5,1.8,0.2
P448550,Dr. Barbara Sturm,Brightening Face Cream,Moisturizers,240.0,5,5.0,1.0
P504840,innisfree,Hydrate + Purify Mini Bestsellers Discovery Skincare Set,Value & Gift Sets,18.0,5,3.4,0.6
P463106,Shiseido,Vital Perfection Uplifting and Firming Eye Cream,Eye Care,85.0,5,4.0,0.8
P423166,Shiseido,Future Solution LX Intensive Firming Contour Serum,Treatments,310.0,5,4.4,0.8
P504273,fresh,Treat & Tint Mini Lip Care Gift Set,Value & Gift Sets,35.0,5,4.0,0.8
P501550,Peter Thomas Roth,Acne-Clear Essentials 4-Piece Acne Kit,Value & Gift Sets,35.0,4,2.75,0.25
P500880,COOLA,Classic Face Organic Sunscreen Lotion SPF 50,Sunscreen,32.0,4,5.0,1.0
P504283,ROSE INC,Mini Solar Power Luminous SPF 30 Serum,Sunscreen,18.0,4,3.0,0.5
P472342,Tata Harper,Superkind Fragrance-Free Radiance Mask,Masks,68.0,4,4.75,1.0
P481062,CLINIQUE,"Clean Skin, Fresh Start Acne Solutions Kit",Value & Gift Sets,24.5,4,3.0,0.5
P460757,Mario Badescu,Brightening Mask with Vitamin C,Masks,22.0,4,3.5,0.5
P503876,OLEHENRIKSEN,OLE Glow Icons Skincare Set,Value & Gift Sets,62.0,4,3.75,0.75
P482309,SEPHORA COLLECTION,Facial Cooling Wands,High Tech Tools,28.0,4,4.0,0.75
P481082,Estée Lauder,Revitalizing Supreme+ Youth Power Eye Balm,Eye Care,76.0,4,3.5,0.5
P503892,Biossance,Instant Hydration Set,Value & Gift Sets,74.0,4,3.75,0.5
P477812,Charlotte Tilbury,Refillable Jumbo Magic Cream Moisturizer with Hyaluronic Acid,Moisturizers,260.0,4,3.75,0.5
P503635,Wander Beauty,Pack Up & Glow Priming Mineral SPF 40,Sunscreen,36.0,4,4.25,1.0
P503894,innisfree,Green Tea Hyaluronic Acid Hydrating Eye Cream,Eye Care,26.0,4,3.5,0.75
P502216,Shani Darden Skin Care,Shani Darden by Déesse PRO LED Light Mask,High Tech Tools,1900.0,4,3.75,0.75
P469193,Moon Juice,Supers Set,Wellness,75.0,4,1.25,0.0
P500124,Kate Somerville,EradiKate Try-Me-Kit,Value & Gift Sets,49.0,4,4.0,0.75
P462383,Mario Badescu,Flower & Tonic Clay Mask,Masks,18.0,4,4.5,1.0
P504881,Caudalie,Vinoperfect  Brightening Solution Set,Value & Gift Sets,82.0,4,5.0,1.0
P500775,The INKEY List,Back to Basics: Hydration Heroes Skincare Set,Value & Gift Sets,27.0,4,3.75,1.0
P467757,Clarins,Total Cleansing Oil & Makeup Remover,Cleansers,37.0,4,3.25,0.5
P481081,Estée Lauder,Revitalizing Supreme+ Night Intensive Restorative Crème,Moisturizers,102.0,4,3.75,0.75
P504985,GUERLAIN,Abeille Royale Bestsellers Travel Set,Value & Gift Sets,195.0,4,3.5,0.5
P479946,Clarins,Self Tanning Face & Body Tinted Gel,Self Tanners,42.0,4,5.0,1.0
P503944,Moon Juice,Mini Acid Potion AHA + BHA Resurfacing Exfoliator,Treatments,15.0,4,3.5,0.75
P468196,Mario Badescu,The Glow Up,Value & Gift Sets,49.0,4,2.5,0.25
P462386,Mario Badescu,Drying Cream,Treatments,17.0,4,3.75,0.75
P463109,Sulwhasoo,Overnight Vitalizing Sleeping Mask,Masks,54.0,4,3.25,0.5
P502842,SEPHORA COLLECTION,Wishing You Essentials Skincare Kit,Value & Gift Sets,20.0,4,4.0,0.75
P480604,First Aid Beauty,FAB Faves Trio,Value & Gift Sets,30.0,4,4.0,0.75
P504594,ROSE INC,The Brightening Essentials Skincare Gift Set,Value & Gift Sets,66.0,4,5.0,1.0
P435790,Dr. Brandt Skincare,Radiance Revitalizing Foam,Treatments,65.0,4,5.0,1.0
P416588,Skin Laundry,Wrinkle Release Neck & Chest Sheet Mask,Masks,15.0,4,3.25,0.5
P482661,Augustinus Bader,The Essence,Treatments,93.0,4,4.5,0.75
P502977,Youth To The People,Youth Stacks: Daily Skin Health Your Way for Pores and Oiliness,Value & Gift Sets,20.0,4,4.25,1.0
P432240,Jack Black,Oil-Control Toner,Cleansers,25.0,4,2.0,0.25
P471545,Dr. Dennis Gross Skincare,DRx SpectraLite BodyWare Pro,High Tech Tools,465.0,4,4.25,0.75
P483694,Sulwhasoo,Essential Comfort Balancing Water,Moisturizers,68.0,4,5.0,1.0
P477706,SOBEL SKIN Rx,35% Vitamin C Fusion Serum,Treatments,105.0,3,5.0,1.0
P500763,SEPHORA COLLECTION,Lip Sleeping Mask,Lip Balms & Treatments,5.0,3,3.667,0.667
P502195,Kate Somerville,DelIKate Try Me Kit,Value & Gift Sets,49.0,3,5.0,1.0
P448547,Dr. Barbara Sturm,Darker Skin Tones Face Cream Rich,Moisturizers,240.0,3,4.667,1.0
P471784,Mario Badescu,Gentle Foaming Cleanser,Cleansers,14.0,3,4.0,0.667
P502448,Sulwhasoo,Concentrated Ginseng Renewing Eye Cream,Eye Care,140.0,3,4.333,0.667
P480355,Tatcha,The Essence Skincare Boosting Treatment – Lunar New Year Edition,Moisturizers,110.0,3,5.0,1.0
P500998,Flora + Bast,Soothe + Hydrate Barrier Building Hydrosol Mist,Moisturizers,44.0,3,5.0,1.0
P468390,Moon Juice,Ashwagandha Organic Root Extract,Wellness,38.0,3,5.0,1.0
P480176,Kiehl's Since 1851,Mini Calendula Deep Clean Foaming Face Wash,Cleansers,18.0,3,5.0,1.0
P503000,SEPHORA COLLECTION,Feeling Groovy Yellow Jade Eye Massager Set,Wellness,18.0,3,5.0,1.0
P483693,Sulwhasoo,Essential Comfort Moisture Cream,Moisturizers,80.0,3,5.0,1.0
P502978,Youth To The People,Youth Stacks: Brighter Tomorrow Duo for Dullness,Value & Gift Sets,28.0,3,3.0,0.333
P502235,Augustinus Bader,The Daily Essential Duo The Cream,Value & Gift Sets,305.0,3,4.0,0.667
P504018,Augustinus Bader,The Skin Renewal System,Value & Gift Sets,185.0,3,5.0,1.0
P476686,Hourglass,Equilibrium Restorative Hydrating Cream,Moisturizers,94.0,3,5.0,1.0
P406656,CLINIQUE,Repairwear Laser Focus Line Smoothing Cream Broad Spectrum SPF 15 for Combination Oily to Oily Skin,Moisturizers,53.0,3,3.667,1.0
P501566,Clarins,Super Restorative Anti-Aging Day Moisturizer,Moisturizers,132.0,3,4.667,1.0
P479646,Murad,Mini City Skin Age Defense Broad Spectrum SPF 50 PA++++,Sunscreen,25.0,3,4.333,0.667
P457279,tarte,Moisturizer Mini knockout brightening gel,Mini Size,14.0,3,4.667,1.0
P481077,Dior,Capture Totale Intensive Essence Lotion,Moisturizers,80.0,3,4.0,0.667
P450935,GUERLAIN,Abeille Royale Night Cream,Moisturizers,200.0,3,3.667,0.333
P500482,Tata Harper,The Clean Dream Team Set,Value & Gift Sets,75.0,3,4.0,0.667
P432255,fresh,Mini Black Tea Firming Overnight Mask,Mini Size,40.0,3,4.0,1.0
P479947,Clarins,Self Tanning Face & Body Milky Lotion,Self Tanners,42.0,3,3.667,0.667
P470548,tarte,Knockout 10% Acid Complex Serum,Treatments,39.0,3,5.0,1.0
P503915,fresh,Mini Floral Recovery Overnight Mask with Squalane,Masks,28.0,3,4.667,1.0
P483458,Hanni,Blades,High Tech Tools,6.0,3,3.667,0.667
P481971,Dior,Hydra Life Intense Sorbet Crème Moisturizer,Moisturizers,85.0,3,5.0,1.0
P502186,Kate Somerville,Retinol Try Me Kit,Value & Gift Sets,59.0,2,3.0,0.5
P504987,COOLA,Refreshing Water Sunscreen Stick SPF 50,Sunscreen,30.0,2,5.0,1.0
P455229,Shiseido,White Lucent Illuminating Micro-Spot Serum,Treatments,185.0,2,3.0,0.5
P474323,goop,GOOPGENES All-in-One Nourishing Skincare Kit,Value & Gift Sets,85.0,2,4.5,1.0
P483691,St. Tropez,Gradual Tan Classic Daily Youth Boosting Cream,Self Tanners,29.0,2,3.0,0.5
P505332,Dior,Dior Skin Mattifying Papers,Cleansers,35.0,2,5.0,1.0
P500151,Dr. Brandt Skincare,Drop of Strength All Day Strengthening Serum,Treatments,85.0,2,4.5,1.0
P504850,Caudalie,Premier Cru Fine Lines and Wrinkles Anti-Aging Set,Value & Gift Sets,139.0,2,3.5,0.5
P482747,Supergoop!,PLAY Mineral Mist SPF 30 with Marigold Extract,Sunscreen,34.0,2,2.5,0.5
P481342,DAMDAM,Cleansing & Hydrating Bestseller Set Bento Box,Value & Gift Sets,42.0,2,5.0,1.0
P483089,BeautyBio,Eye Want It All Face + Eye Microneedling Set,Value & Gift Sets,249.0,2,3.5,0.5
P504411,Dr. Brandt Skincare,Microdermabrasion Smoothing Lip Scrub,Lip Balms & Treatments,30.0,2,4.0,0.5
P500464,NuFACE,NuBODY - Body Toning Device,High Tech Tools,399.0,2,1.0,0.0
P504289,fresh,Prep & Treat Lip Care Gift Set,Value & Gift Sets,28.0,2,3.5,0.5
P423167,Shiseido,Future Solution LX Total Protective Cream Broad Spectrum SPF 20 Sunscreen,Sunscreen,270.0,2,5.0,1.0
P423168,Shiseido,Future Solution LX Total Protective Emulsion Broad Spectrum SPF 20 Sunscreen,Sunscreen,270.0,2,4.0,0.5
P501264,La Mer,The Hydrating Treatment Lotion & Crème Set,Value & Gift Sets,200.0,2,3.0,0.5
P474090,SEPHORA COLLECTION,Deluxe Facial Roller Set,Wellness,40.0,2,3.5,0.5
P504053,Dior,Capture Dreamskin 1-Minute Mask,Masks,80.0,2,5.0,1.0
P479696,Murad,Brighten Trial Kit,Value & Gift Sets,52.0,2,5.0,1.0
P502823,Lancôme,Absolue The Serum,Treatments,270.0,2,3.5,0.5
P502192,Skinfix,Acne Away Kit + Salicylic Acid + Azelaic Acid + Niacinamide,Value & Gift Sets,35.0,2,3.5,1.0
P504464,Kiehl's Since 1851,Mask and Moisturize Duo Skincare Gift Set,Value & Gift Sets,30.0,2,5.0,1.0
P504221,NuFACE,Trinity+ Starter Kit,High Tech Tools,395.0,2,5.0,1.0
P474941,CLINIQUE,3 Step Intro Kit Type II,Value & Gift Sets,21.0,2,2.0,0.5
P500256,Mario Badescu,Mineral Sunscreen SPF 30,Sunscreen,28.0,2,5.0,1.0
P502047,REN Clean Skincare,Evercalm Skin Zen Trio,Value & Gift Sets,66.0,2,4.5,1.0
P504888,belif,Aqua Bomb Protect & Glow Travel Kit,Value & Gift Sets,27.0,2,3.5,0.5
P455915,Dermalogica,Mini MultiVitamin Power Recovery Mask,Mini Size,16.5,2,5.0,0.5
P395507,Bobbi Brown,Extra Repair Moisture Cream,Moisturizers,110.0,2,4.5,1.0
P505120,Drunk Elephant,Early Bird Hydrate + Brighten Set,Value & Gift Sets,54.0,2,5.0,1.0
P472058,SEPHORA COLLECTION,Crystal Facial Roller Set,Wellness,35.0,2,4.0,1.0
P483460,Hanni,Shower Holder,High Tech Tools,12.0,2,5.0,1.0
P475083,Clarins,Skincare Essentials Kit,Treatments,100.0,2,3.0,1.0
P502709,Mario Badescu,Mini Mist Collection,Value & Gift Sets,20.0,2,4.5,0.5
P501585,Clarins,Super Restorative Anti-Aging Night Moisturizer,Moisturizers,140.0,2,5.0,1.0
P460622,Dr. Brandt Skincare,25 Years of Dr. Brandt Kit,Value & Gift Sets,165.0,2,3.0,0.5
P478260,Erno Laszlo,Break from the Burnout Skin Wellness Set,Value & Gift Sets,75.0,1,5.0,1.0
P501175,Sulwhasoo,White Ginseng Radiance Refining Mask,Masks,68.0,1,5.0,1.0
P469801,Hourglass,Mini Equilibrium Rebalancing Cream Cleanser,Cleansers,25.0,1,5.0,1.0
P500155,Kate Somerville,ExfoliKate All Over Glow Kit,Value & Gift Sets,115.0,1,5.0,1.0
P504443,Algenist,Plump Pout Duo,Value & Gift Sets,44.0,1,3.0,1.0
P501153,Estée Lauder,Major Eye Impact Repair + Brighten Skincare Set,Value & Gift Sets,72.0,1,4.0,1.0
P503877,Tata Harper,Superkind Refining Cleanser,Cleansers,88.0,1,5.0,1.0
P505208,Supergoop!,100% Mineral Sunscreen Starter Kit,Value & Gift Sets,30.0,1,5.0,1.0
P505174,Estée Lauder,Soft Clean Moisture Rich Foaming Cleanser,Cleansers,26.0,1,5.0,1.0
P469829,Hourglass,Equilibrium Biomimetic Skin Active Serum,Treatments,198.0,1,5.0,1.0
P476571,Jack Black,Turbo Body Lotion Energizing Gel Moisturizer with Eucalyptus & Aloe,Moisturizers,38.0,1,5.0,1.0
P480354,Tata Harper,Glow Facial Set,Value & Gift Sets,98.0,1,3.0,0.0
P478270,Erno Laszlo,Big Break Soap Set,Value & Gift Sets,50.0,1,5.0,1.0
P504417,SEPHORA COLLECTION,Acne Treatment Gel,Treatments,20.0,1,5.0,1.0
P504424,SEPHORA COLLECTION,Clarifying Peel Pads Purify + Exfoliate,Treatments,17.0,1,5.0,1.0
P483086,Sulwhasoo,Essential Comfort Balancing Emulsion,Moisturizers,72.0,1,4.0,0.0
P481993,GUERLAIN,Abeille Royale Intense Repair Youth Oil in Balm,Masks,235.0,1,3.0,0.0
P501886,Fenty Skin,The Glow Around 4-Piece Travel Skincare Essentials Set,Value & Gift Sets,59.0,1,5.0,1.0
P504322,NUDESTIX,Gentle Hydra-Gel Face Cleanser,Cleansers,19.0,1,5.0,1.0
P481397,Estée Lauder,Revitalizing Supreme+ Bright Soft Creme Moisturizer,Moisturizers,98.0,1,5.0,1.0
P504882,First Aid Beauty,Bye Bye Bumps - Best of Body Kit,Value & Gift Sets,30.0,1,5.0,1.0
P480445,First Aid Beauty,Smooth + FAB Travel Size Duo,Value & Gift Sets,20.0,1,5.0,1.0
P470538,Moon Juice,SuperPower Immune Support Supplement,Wellness,38.0,1,5.0,1.0
P480441,Dr. Lara Devgan Scientific Beauty,Retinol + Bakuchiol Serum 2.5x,Treatments,300.0,1,3.0,0.0
